from_hei,to_hei,n
A  GRAZ02,B  LEUVEN01,5
A  GRAZ02,CZ PRAHA10,2
A  GRAZ02,D  AACHEN01,1
A  GRAZ02,D  BERLIN02,2
A  GRAZ02,D  MUNCHEN02,3
A  GRAZ02,D  STUTTGA01,1
A  GRAZ02,E  BARCELO03,1
A  GRAZ02,E  GRANADA01,2
A  GRAZ02,E  LA-CORU01,1
A  GRAZ02,E  OVIEDO01,1
A  GRAZ02,E  PAMPLON01,1
A  GRAZ02,E  SANTAND01,1
A  GRAZ02,E  VALENCI02,2
A  GRAZ02,E  ZARAGOZ01,1
A  GRAZ02,I  CAGLIAR01,2
A  GRAZ02,I  MILANO02,4
A  GRAZ02,NL DELFT01,2
A  GRAZ02,P  PORTO02,1
A  GRAZ02,S  GOTEBOR02,3
A  GRAZ02,S  LINKOPI01,5
A  GRAZ02,S  LUND01,2
A  GRAZ02,S  STOCKHO04,3
A  GRAZ02,SF ESPOO12,3
A  GRAZ02,SF OULU01,2
A  GRAZ02,TR ISTANBU04,1
A  GRAZ02,UK BRISTOL01,1
A  GRAZ02,UK COVENTR01,1
A  GRAZ02,UK GLASGOW01,1
A  GRAZ02,UK GLASGOW02,1
A  GRAZ02,UK LIVERPO01,2
A  INNSBRU01,D  BERLIN02,2
A  INNSBRU01,E  MADRID05,2
A  INNSBRU01,E  SEVILLA01,1
A  INNSBRU01,I  FIRENZE01,3
A  INNSBRU01,I  MILANO02,2
A  INNSBRU01,I  ROMA01,3
A  INNSBRU01,NL EINDHOV17,2
A  INNSBRU01,S  LUND01,2
A  INNSBRU01,SF OULU01,1
A  INNSBRU01,UK BRISTOL01,2
A  INNSBRU01,UK PLYMOUT01,2
A  WIEN01,D  KIEL01,1
A  WIEN02,CH LAUSANN06,3
A  WIEN02,CH ZURICH07,4
A  WIEN02,CZ PRAHA10,2
A  WIEN02,D  AACHEN01,3
A  WIEN02,D  BERLIN02,3
A  WIEN02,D  MUNCHEN02,3
A  WIEN02,D  STUTTGA01,1
A  WIEN02,DK ALBORG01,3
A  WIEN02,DK LYNGBY01,5
A  WIEN02,E  BARCELO03,7
A  WIEN02,E  MADRID05,3
A  WIEN02,E  PAMPLON01,1
A  WIEN02,E  VALENCI02,7
A  WIEN02,E  ZARAGOZ01,1
A  WIEN02,I  BOLOGNA01,1
A  WIEN02,I  GENOVA01,1
A  WIEN02,I  MILANO02,7
A  WIEN02,I  NAPOLI01,3
A  WIEN02,I  ROMA01,4
A  WIEN02,I  TORINO02,3
A  WIEN02,IRLDUBLIN02,2
A  WIEN02,IS REYKJAV01,1
A  WIEN02,NL DELFT01,2
A  WIEN02,NL GRONING01,2
A  WIEN02,P  PORTO02,2
A  WIEN02,PL LODZ02,1
A  WIEN02,S  GOTEBOR02,8
A  WIEN02,S  LUND01,9
A  WIEN02,S  STOCKHO04,8
A  WIEN02,SF ESPOO12,4
A  WIEN02,SF OULU01,1
A  WIEN02,SI LJUBLJA01,1
A  WIEN02,TR ANKARA04,1
A  WIEN02,TR ISTANBU04,9
A  WIEN02,UK BRISTOL01,1
A  WIEN02,UK GLASGOW01,1
A  WIEN02,UK MANCHES01,2
A  WIEN03,B  GENT01,1
A  WIEN03,D  BERLIN02,1
A  WIEN03,D  MUNCHEN02,4
A  WIEN03,D  STUTTGA02,2
A  WIEN03,DK KOBENHA01,5
A  WIEN03,E  BARCELO03,2
A  WIEN03,E  VALENCI02,1
A  WIEN03,I  FIRENZE01,1
A  WIEN03,I  GENOVA01,1
A  WIEN03,NL WAGENIN01,5
A  WIEN03,S  GOTEBOR02,3
A  WIEN03,S  UPPSALA02,2
A  WIEN03,TR ISTANBU03,1
A  WIEN03,TR ISTANBU04,1
B  ANTWERP01,D  MUNCHEN02,4
B  ANTWERP01,E  BARCELO03,3
B  ANTWERP01,E  GIRONA02,1
B  ANTWERP01,E  VALENCI02,5
B  ANTWERP01,E  ZARAGOZ01,2
B  ANTWERP01,HU BUDAPES02,1
B  ANTWERP01,I  NAPOLI01,1
B  ANTWERP01,IRLLIMERIC01,1
B  ANTWERP01,S  GOTEBOR01,1
B  ANTWERP01,TR ISTANBU07,1
B  BRUSSEL01,I  MILANO02,1
B  BRUSSEL01,S  GOTEBOR02,1
B  GENT01,CH ZURICH07,2
B  GENT01,D  AACHEN01,1
B  GENT01,D  BERLIN02,1
B  GENT01,D  MUNCHEN02,2
B  GENT01,DK KOBENHA01,1
B  GENT01,DK LYNGBY01,2
B  GENT01,E  BARCELO03,1
B  GENT01,E  MADRID05,1
B  GENT01,E  VALENCI01,1
B  GENT01,E  VALENCI02,3
B  GENT01,I  TORINO02,1
B  GENT01,NL DELFT01,1
B  GENT01,PL LODZ02,1
B  GENT01,S  STOCKHO04,1
B  GENT01,SF TAMPERE02,1
B  LEUVEN01,A  GRAZ02,3
B  LEUVEN01,A  WIEN02,1
B  LEUVEN01,CH LAUSANN06,8
B  LEUVEN01,CZ PRAHA10,2
B  LEUVEN01,D  AACHEN01,2
B  LEUVEN01,D  BERLIN02,1
B  LEUVEN01,D  DRESDEN02,2
B  LEUVEN01,D  MUNCHEN02,1
B  LEUVEN01,DK ARHUS01,4
B  LEUVEN01,DK LYNGBY01,2
B  LEUVEN01,E  BARCELO03,1
B  LEUVEN01,E  BARCELO15,1
B  LEUVEN01,E  MADRID05,4
B  LEUVEN01,E  MADRID14,1
B  LEUVEN01,E  SEVILLA01,3
B  LEUVEN01,E  VALENCI01,2
B  LEUVEN01,E  VALENCI02,6
B  LEUVEN01,F  NANCY43,2
B  LEUVEN01,I  BOLOGNA01,1
B  LEUVEN01,I  MILANO02,7
B  LEUVEN01,I  ROMA16,2
B  LEUVEN01,I  TORINO02,7
B  LEUVEN01,I  UDINE01,1
B  LEUVEN01,IRLDUBLIN01,1
B  LEUVEN01,NL DELFT01,2
B  LEUVEN01,NL EINDHOV17,4
B  LEUVEN01,P  BRAGA01,1
B  LEUVEN01,S  GOTEBOR02,6
B  LEUVEN01,S  LINKOPI01,5
B  LEUVEN01,S  STOCKHO04,5
B  LEUVEN01,S  UMEA01,2
B  LEUVEN01,SF OULU01,2
B  LEUVEN01,SF TAMPERE02,1
B  LEUVEN01,SI LJUBLJA01,2
B  LEUVEN01,TR ISTANBU04,3
B  LEUVEN01,TR ISTANBU07,2
B  LEUVEN01,UK BELFAST01,3
B  LEUVEN01,UK GLASGOW02,2
B  LEUVEN01,UK LOUGHBO01,1
CH LAUSANN06,A  WIEN02,6
CH LAUSANN06,B  LEUVEN01,1
CH LAUSANN06,CZ PRAHA10,1
CH LAUSANN06,D  AACHEN01,5
CH LAUSANN06,D  BERLIN02,6
CH LAUSANN06,D  KARLSRU01,5
CH LAUSANN06,D  MUNCHEN02,15
CH LAUSANN06,DK LYNGBY01,1
CH LAUSANN06,E  BARCELO03,2
CH LAUSANN06,E  GRANADA01,1
CH LAUSANN06,E  MADRID05,5
CH LAUSANN06,E  VALENCI02,2
CH LAUSANN06,I  MILANO02,3
CH LAUSANN06,I  ROMA16,1
CH LAUSANN06,IRLDUBLIN02,2
CH LAUSANN06,NL DELFT01,2
CH LAUSANN06,P  PORTO02,2
CH LAUSANN06,S  GOTEBOR02,8
CH LAUSANN06,S  LUND01,6
CH LAUSANN06,S  STOCKHO04,20
CH LAUSANN06,UK BRISTOL01,2
CH LAUSANN06,UK EDINBUR02,3
CH LAUSANN06,UK LONDON015,2
CH LAUSANN06,UK MANCHES01,1
CH ZURICH07,B  LEUVEN01,1
CH ZURICH07,DK KOBENHA01,1
CH ZURICH07,DK LYNGBY01,1
CH ZURICH07,E  BARCELO03,7
CH ZURICH07,E  MADRID05,1
CH ZURICH07,E  VALENCI02,1
CH ZURICH07,NL DELFT01,6
CH ZURICH07,NL WAGENIN01,2
CH ZURICH07,S  GOTEBOR02,2
CH ZURICH07,S  LUND01,5
CH ZURICH07,S  STOCKHO04,16
CH ZURICH07,S  UPPSALA02,1
CH ZURICH07,UK EDINBUR01,2
CH ZURICH07,UK LEEDS01,1
CH ZURICH07,UK LONDON015,6
CZ PRAHA07,A  INNSBRU01,1
CZ PRAHA07,A  WIEN02,1
CZ PRAHA07,CH LAUSANN06,1
CZ PRAHA07,E  VALENCI02,3
CZ PRAHA10,A  GRAZ02,2
CZ PRAHA10,A  WIEN02,5
CZ PRAHA10,B  BRUSSEL01,1
CZ PRAHA10,B  LEUVEN01,4
CZ PRAHA10,D  AACHEN01,9
CZ PRAHA10,D  DARMSTA01,2
CZ PRAHA10,D  DRESDEN02,5
CZ PRAHA10,D  ERLANGE01,4
CZ PRAHA10,D  HANNOVE01,1
CZ PRAHA10,D  KARLSRU01,2
CZ PRAHA10,D  MUNCHEN02,5
CZ PRAHA10,DK LYNGBY01,4
CZ PRAHA10,E  BARCELO03,1
CZ PRAHA10,E  MADRID05,1
CZ PRAHA10,E  VALENCI02,3
CZ PRAHA10,F  NANCY43,1
CZ PRAHA10,I  MILANO02,2
CZ PRAHA10,I  NAPOLI01,1
CZ PRAHA10,I  TORINO02,1
CZ PRAHA10,IRLLIMERIC01,1
CZ PRAHA10,IS REYKJAV01,1
CZ PRAHA10,NL DELFT01,2
CZ PRAHA10,NL EINDHOV17,6
CZ PRAHA10,P  BRAGA01,1
CZ PRAHA10,S  GOTEBOR02,2
CZ PRAHA10,S  LINKOPI01,8
CZ PRAHA10,S  LUND01,2
CZ PRAHA10,S  STOCKHO04,6
CZ PRAHA10,S  UPPSALA01,1
CZ PRAHA10,SF ESPOO12,10
CZ PRAHA10,SF TAMPERE02,8
CZ PRAHA10,SI LJUBLJA01,6
CZ PRAHA10,TR ANKARA04,1
CZ PRAHA10,TR ISTANBU07,1
CZ PRAHA10,UK EDINBUR02,4
CZ PRAHA10,UK GLASGOW02,6
CZ PRAHA10,UK LONDON029,2
D  AACHEN01,A  WIEN02,1
D  AACHEN01,B  GENT01,1
D  AACHEN01,CH LAUSANN06,11
D  AACHEN01,CH ZURICH07,5
D  AACHEN01,CZ PRAHA10,14
D  AACHEN01,DK LYNGBY01,1
D  AACHEN01,DK ODENSE01,1
D  AACHEN01,E  BARCELO02,1
D  AACHEN01,E  BARCELO03,6
D  AACHEN01,E  GRANADA01,1
D  AACHEN01,E  MADRID05,11
D  AACHEN01,E  MALAGA01,1
D  AACHEN01,E  SEVILLA01,3
D  AACHEN01,E  VALENCI01,1
D  AACHEN01,E  VALENCI02,20
D  AACHEN01,E  ZARAGOZ01,2
D  AACHEN01,I  FIRENZE01,1
D  AACHEN01,I  GENOVA01,1
D  AACHEN01,I  MILANO02,2
D  AACHEN01,I  PADOVA01,2
D  AACHEN01,I  TORINO02,5
D  AACHEN01,IRLCORK01,2
D  AACHEN01,IS REYKJAV01,1
D  AACHEN01,NL DELFT01,3
D  AACHEN01,P  PORTO02,1
D  AACHEN01,PL WROCLAW02,1
D  AACHEN01,S  GOTEBOR02,11
D  AACHEN01,S  LINKOPI01,6
D  AACHEN01,S  STOCKHO04,19
D  AACHEN01,SF ESPOO12,9
D  AACHEN01,SF OULU01,2
D  AACHEN01,SF TAMPERE02,4
D  AACHEN01,TR ANKARA03,1
D  AACHEN01,TR ISTANBU04,13
D  AACHEN01,TR ISTANBU05,1
D  AACHEN01,UK BATH01,2
D  AACHEN01,UK BELFAST01,5
D  AACHEN01,UK LONDON015,11
D  AACHEN01,UK NEWCAST01,2
D  AACHEN01,UK SHEFFIE01,2
D  BAYREUT01,DK LYNGBY01,1
D  BAYREUT01,I  CATANIA01,1
D  BERLIN02,A  INNSBRU01,1
D  BERLIN02,CZ PRAHA10,2
D  BERLIN02,DK KOBENHA01,2
D  BERLIN02,DK LYNGBY01,3
D  BERLIN02,E  BARCELO03,12
D  BERLIN02,E  GRANADA01,1
D  BERLIN02,E  MADRID05,4
D  BERLIN02,E  OVIEDO01,1
D  BERLIN02,E  PAMPLON01,1
D  BERLIN02,E  VALENCI02,9
D  BERLIN02,E  VIGO01,1
D  BERLIN02,F  NANCY43,1
D  BERLIN02,I  BOLOGNA01,2
D  BERLIN02,I  NAPOLI01,2
D  BERLIN02,I  ROMA01,2
D  BERLIN02,I  TORINO02,1
D  BERLIN02,IRLDUBLIN02,2
D  BERLIN02,NL DELFT01,4
D  BERLIN02,NL EINDHOV17,1
D  BERLIN02,P  PORTO02,2
D  BERLIN02,S  GOTEBOR02,3
D  BERLIN02,S  LINKOPI01,1
D  BERLIN02,S  LUND01,5
D  BERLIN02,S  STOCKHO04,11
D  BERLIN02,SF ESPOO12,5
D  BERLIN02,TR ISTANBU04,7
D  BERLIN02,TR ISTANBU05,1
D  BERLIN02,TR ISTANBU07,2
D  BERLIN02,TR IZMIR01,2
D  BERLIN02,UK BRISTOL01,1
D  BERLIN02,UK CARDIFF01,1
D  BERLIN02,UK COVENTR01,1
D  BERLIN02,UK CRANFIE01,1
D  BERLIN02,UK DURHAM01,2
D  BERLIN02,UK GLASGOW01,2
D  BERLIN02,UK LOUGHBO01,1
D  BOCHUM01,A  GRAZ02,1
D  BOCHUM01,CZ PRAHA10,2
D  BOCHUM01,E  BARCELO03,1
D  BOCHUM01,E  SEVILLA01,2
D  BOCHUM01,E  VALLADO01,1
D  BOCHUM01,I  FIRENZE01,1
D  BOCHUM01,I  ROMA01,1
D  BOCHUM01,NL DELFT01,1
D  BOCHUM01,NL ENSCHED01,1
D  BOCHUM01,S  GOTEBOR02,5
D  BOCHUM01,S  LINKOPI01,4
D  BOCHUM01,SF ESPOO12,1
D  BOCHUM01,TR ANKARA04,3
D  BOCHUM01,TR ISTANBU04,5
D  BOCHUM01,TR ISTANBU07,2
D  BOCHUM01,UK SHEFFIE01,4
D  BONN01,E  VALENCI01,1
D  BONN01,NL WAGENIN01,1
D  BREMEN01,DK LYNGBY01,2
D  BREMEN01,E  BARCELO03,5
D  BREMEN01,E  VALENCI02,2
D  BREMEN01,PL GDANSK02,1
D  BREMEN01,S  LINKOPI01,1
D  BREMEN01,SF ESPOO12,1
D  BREMEN01,SF TAMPERE02,1
D  DARMSTA01,A  WIEN02,2
D  DARMSTA01,CH LAUSANN06,2
D  DARMSTA01,CZ PRAHA10,5
D  DARMSTA01,DK LYNGBY01,1
D  DARMSTA01,E  BARCELO03,8
D  DARMSTA01,E  GRANADA01,1
D  DARMSTA01,E  MADRID05,10
D  DARMSTA01,E  PAMPLON01,4
D  DARMSTA01,E  SANTAND01,3
D  DARMSTA01,E  SEVILLA01,2
D  DARMSTA01,E  VALENCI02,6
D  DARMSTA01,I  FIRENZE01,2
D  DARMSTA01,I  MILANO02,1
D  DARMSTA01,I  PISA01,1
D  DARMSTA01,I  ROMA01,2
D  DARMSTA01,I  ROMA16,1
D  DARMSTA01,I  TORINO02,4
D  DARMSTA01,IRLCORK01,2
D  DARMSTA01,IS REYKJAV01,1
D  DARMSTA01,NL EINDHOV17,3
D  DARMSTA01,PL WROCLAW02,1
D  DARMSTA01,S  GOTEBOR02,4
D  DARMSTA01,S  LINKOPI01,2
D  DARMSTA01,S  LUND01,4
D  DARMSTA01,S  STOCKHO04,5
D  DARMSTA01,SF ESPOO12,4
D  DARMSTA01,SF TAMPERE02,6
D  DARMSTA01,TR ISTANBU04,6
D  DARMSTA01,TR ISTANBU07,2
D  DARMSTA01,TR IZMIR02,1
D  DARMSTA01,UK COVENTR01,1
D  DARMSTA01,UK EDINBUR02,1
D  DARMSTA01,UK GLASGOW01,1
D  DARMSTA01,UK SHEFFIE01,1
D  DARMSTA01,UK SOUTHAM01,1
D  DORTMUN01,A  WIEN02,1
D  DORTMUN01,CH ZURICH07,1
D  DORTMUN01,DK ALBORG01,5
D  DORTMUN01,DK LYNGBY01,2
D  DORTMUN01,E  BARCELO03,1
D  DORTMUN01,E  ZARAGOZ01,1
D  DORTMUN01,F  MARSEIL84,1
D  DORTMUN01,HR ZAGREB01,1
D  DORTMUN01,HU SZEGED01,2
D  DORTMUN01,I  FIRENZE01,1
D  DORTMUN01,I  MILANO02,1
D  DORTMUN01,N  BERGEN01,2
D  DORTMUN01,NL AMSTERD01,1
D  DORTMUN01,NL NIJMEGE01,1
D  DORTMUN01,P  AVEIRO01,1
D  DORTMUN01,PL GDANSK02,2
D  DORTMUN01,PL WROCLAW02,1
D  DORTMUN01,S  GOTEBOR02,2
D  DORTMUN01,S  LINKOPI01,1
D  DORTMUN01,S  LUND01,1
D  DORTMUN01,SF TAMPERE02,2
D  DORTMUN01,TR ANKARA04,1
D  DORTMUN01,TR ISTANBU07,2
D  DORTMUN01,UK CARDIFF01,1
D  DORTMUN01,UK GLASGOW02,2
D  DORTMUN01,UK NEWCAST01,4
D  DRESDEN02,A  GRAZ02,2
D  DRESDEN02,CH LAUSANN06,3
D  DRESDEN02,DK ODENSE01,1
D  DRESDEN02,E  BARCELO03,5
D  DRESDEN02,E  GRANADA01,2
D  DRESDEN02,E  MADRID05,1
D  DRESDEN02,E  MALAGA01,1
D  DRESDEN02,E  SANTAND01,1
D  DRESDEN02,E  ZARAGOZ01,1
D  DRESDEN02,F  BORDEAU01,2
D  DRESDEN02,I  FIRENZE01,1
D  DRESDEN02,I  GENOVA01,1
D  DRESDEN02,I  TORINO02,1
D  DRESDEN02,I  TRENTO01,1
D  DRESDEN02,IRLCORK01,3
D  DRESDEN02,IS REYKJAV01,1
D  DRESDEN02,NL DELFT01,2
D  DRESDEN02,NL EINDHOV17,1
D  DRESDEN02,P  PORTO02,1
D  DRESDEN02,PL KRAKOW02,1
D  DRESDEN02,S  GOTEBOR02,3
D  DRESDEN02,S  LINKOPI01,1
D  DRESDEN02,S  LUND01,1
D  DRESDEN02,S  STOCKHO04,3
D  DRESDEN02,SF ESPOO12,1
D  DRESDEN02,SF TAMPERE02,2
D  DRESDEN02,TR ISTANBU04,2
D  DRESDEN02,UK ABERDEE01,3
D  DRESDEN02,UK GLASGOW01,1
D  DRESDEN02,UK LONDON031,2
D  DRESDEN02,UK LOUGHBO01,4
D  DRESDEN02,UK MANCHES01,1
D  DRESDEN02,UK SHEFFIE01,4
D  ERLANGE01,CH LAUSANN06,1
D  ERLANGE01,CZ PRAHA10,1
D  ERLANGE01,E  BARCELO01,1
D  ERLANGE01,E  BARCELO03,1
D  ERLANGE01,E  BILBAO01,2
D  ERLANGE01,E  MADRID05,2
D  ERLANGE01,E  OVIEDO01,1
D  ERLANGE01,E  PALMA01,1
D  ERLANGE01,E  PAMPLON01,3
D  ERLANGE01,E  SANTIAG01,1
D  ERLANGE01,E  TENERIF01,5
D  ERLANGE01,E  VALENCI02,12
D  ERLANGE01,F  BORDEAU01,1
D  ERLANGE01,F  DIJON01,1
D  ERLANGE01,F  MONTPEL01,1
D  ERLANGE01,F  PARIS012,1
D  ERLANGE01,F  RENNES01,2
D  ERLANGE01,HU BUDAPES02,3
D  ERLANGE01,I  NAPOLI01,1
D  ERLANGE01,I  PADOVA01,1
D  ERLANGE01,I  PALERMO01,1
D  ERLANGE01,I  PISA01,1
D  ERLANGE01,P  COIMBRA01,1
D  ERLANGE01,S  LINKOPI01,2
D  ERLANGE01,S  STOCKHO04,3
D  ERLANGE01,SF ESPOO12,3
D  ERLANGE01,SF TAMPERE02,7
D  ERLANGE01,SF TURKU01,2
D  ERLANGE01,TR ISTANBU05,1
D  ERLANGE01,TR ISTANBU07,1
D  ERLANGE01,UK BRISTOL01,1
D  ERLANGE01,UK DUNDEE01,3
D  ERLANGE01,UK HULL01,1
D  ERLANGE01,UK LONDON015,1
D  ERLANGE01,UK LONDON029,2
D  ESSEN04,E  SEVILLA01,1
D  ESSEN04,E  VALENCI02,1
D  ESSEN04,NL EINDHOV17,1
D  ESSEN04,PL KRAKOW02,1
D  ESSEN04,S  LUND01,2
D  ESSEN04,SF TAMPERE02,1
D  ESSEN04,TR ISTANBU07,2
D  FREIBUR01,DK LYNGBY01,1
D  FREIBUR01,E  BARCELO03,2
D  GIESSEN01,B  GENT01,1
D  GIESSEN01,E  MADRID03,1
D  GIESSEN01,S  STOCKHO01,1
D  HANNOVE01,A  WIEN02,2
D  HANNOVE01,A  WIEN03,2
D  HANNOVE01,CZ PRAHA10,3
D  HANNOVE01,DK LYNGBY01,1
D  HANNOVE01,E  ALCAL-H01,1
D  HANNOVE01,E  BARCELO03,1
D  HANNOVE01,E  MADRID05,1
D  HANNOVE01,E  PAMPLON01,1
D  HANNOVE01,E  VALENCI02,3
D  HANNOVE01,I  MILANO02,1
D  HANNOVE01,I  ROMA16,2
D  HANNOVE01,IRLCORK01,2
D  HANNOVE01,IRLDUBLIN02,2
D  HANNOVE01,S  GOTEBOR02,3
D  HANNOVE01,TR ISTANBU04,1
D  HANNOVE01,UK CARDIFF01,1
D  HANNOVE01,UK EDINBUR01,2
D  HANNOVE01,UK NEWCAST01,1
D  HANNOVE01,UK YORK01,1
D  HILDESH02,E  BADAJOZ01,1
D  HILDESH02,HU BUDAPES02,1
D  HILDESH02,TR ISTANBU07,4
D  KAISERS01,E  BILBAO01,1
D  KAISERS01,E  GRANADA01,1
D  KAISERS01,E  TENERIF01,1
D  KAISERS01,E  VALENCI02,4
D  KAISERS01,HU BUDAPES02,1
D  KAISERS01,I  MILANO02,3
D  KAISERS01,I  TORINO02,1
D  KAISERS01,P  PORTO02,2
D  KAISERS01,S  LINKOPI01,1
D  KAISERS01,SF OULU01,1
D  KAISERS01,UK EDINBUR01,1
D  KAISERS01,UK NOTTING01,1
D  KARLSRU01,CH LAUSANN06,1
D  KARLSRU01,CZ PRAHA10,1
D  KARLSRU01,DK LYNGBY01,2
D  KARLSRU01,E  BARCELO01,2
D  KARLSRU01,E  BARCELO03,4
D  KARLSRU01,E  BILBAO01,2
D  KARLSRU01,E  MADRID05,2
D  KARLSRU01,E  OVIEDO01,1
D  KARLSRU01,E  VALENCI02,11
D  KARLSRU01,HR ZAGREB01,1
D  KARLSRU01,HU BUDAPES02,3
D  KARLSRU01,I  CAGLIAR01,1
D  KARLSRU01,I  MILANO02,2
D  KARLSRU01,I  PADOVA01,1
D  KARLSRU01,I  TORINO02,2
D  KARLSRU01,IRLDUBLIN01,2
D  KARLSRU01,IS REYKJAV01,3
D  KARLSRU01,NL EINDHOV17,1
D  KARLSRU01,PL GDANSK02,3
D  KARLSRU01,PL WROCLAW02,1
D  KARLSRU01,S  GOTEBOR02,8
D  KARLSRU01,S  LINKOPI01,1
D  KARLSRU01,S  STOCKHO04,15
D  KARLSRU01,SF TAMPERE02,1
D  KARLSRU01,TR ISTANBU04,1
D  KARLSRU01,TR ISTANBU05,1
D  KARLSRU01,UK EDINBUR02,5
D  KARLSRU01,UK LEEDS01,1
D  KARLSRU01,UK LONDON029,1
D  KARLSRU01,UK SOUTHAM01,2
D  KIEL01,B  GENT01,1
D  KIEL01,DK ODENSE01,1
D  KIEL01,E  MADRID05,1
D  KIEL01,F  PARIS011,1
D  KIEL01,S  UPPSALA02,1
D  KIEL01,SF HELSINK01,3
D  KIEL01,UK ABERDEE01,1
D  MAGDEBU01,DK LYNGBY01,1
D  MAGDEBU01,HU BUDAPES02,2
D  MAGDEBU01,I  SIENA01,1
D  MAGDEBU01,P  PORTO02,1
D  MAGDEBU01,S  LUND01,1
D  MAGDEBU01,SF TAMPERE02,4
D  MAGDEBU01,TR ISTANBU07,2
D  MUNCHEN02,A  GRAZ02,2
D  MUNCHEN02,A  INNSBRU01,2
D  MUNCHEN02,A  WIEN02,5
D  MUNCHEN02,A  WIEN03,1
D  MUNCHEN02,B  ANTWERP01,4
D  MUNCHEN02,B  GENT01,2
D  MUNCHEN02,B  LEUVEN01,1
D  MUNCHEN02,CH LAUSANN06,7
D  MUNCHEN02,CH ZURICH07,8
D  MUNCHEN02,CZ PRAHA10,6
D  MUNCHEN02,DK KOBENHA01,2
D  MUNCHEN02,DK LYNGBY01,7
D  MUNCHEN02,E  BARCELO01,3
D  MUNCHEN02,E  BARCELO03,10
D  MUNCHEN02,E  GRANADA01,1
D  MUNCHEN02,E  MADRID05,17
D  MUNCHEN02,E  MALAGA01,4
D  MUNCHEN02,E  OVIEDO01,1
D  MUNCHEN02,E  PAMPLON01,1
D  MUNCHEN02,E  SEVILLA01,3
D  MUNCHEN02,E  VALENCI02,15
D  MUNCHEN02,E  VIGO01,4
D  MUNCHEN02,F  PARIS006,2
D  MUNCHEN02,HR ZAGREB01,1
D  MUNCHEN02,HU BUDAPES02,3
D  MUNCHEN02,I  BOLOGNA01,3
D  MUNCHEN02,I  FERRARA01,5
D  MUNCHEN02,I  FIRENZE01,1
D  MUNCHEN02,I  MILANO02,11
D  MUNCHEN02,I  NAPOLI01,4
D  MUNCHEN02,I  ROMA01,7
D  MUNCHEN02,I  ROMA02,2
D  MUNCHEN02,I  ROMA16,3
D  MUNCHEN02,I  TORINO02,1
D  MUNCHEN02,IRLCORK01,1
D  MUNCHEN02,IRLDUBLIN02,4
D  MUNCHEN02,N  OSLO01,1
D  MUNCHEN02,NL DELFT01,3
D  MUNCHEN02,NL WAGENIN01,2
D  MUNCHEN02,P  PORTO02,2
D  MUNCHEN02,PL GDANSK02,1
D  MUNCHEN02,PL WROCLAW02,1
D  MUNCHEN02,S  GOTEBOR02,6
D  MUNCHEN02,S  LINKOPI01,6
D  MUNCHEN02,S  LUND01,12
D  MUNCHEN02,S  STOCKHO04,20
D  MUNCHEN02,S  UPPSALA01,2
D  MUNCHEN02,S  UPPSALA02,2
D  MUNCHEN02,SF ESPOO12,5
D  MUNCHEN02,SF HELSINK01,2
D  MUNCHEN02,SF OULU01,2
D  MUNCHEN02,SI LJUBLJA01,1
D  MUNCHEN02,TR ISTANBU04,10
D  MUNCHEN02,TR ISTANBU05,1
D  MUNCHEN02,TR ISTANBU07,1
D  MUNCHEN02,UK BATH01,6
D  MUNCHEN02,UK BELFAST01,3
D  MUNCHEN02,UK CARDIFF01,2
D  MUNCHEN02,UK CRANFIE01,3
D  MUNCHEN02,UK EDINBUR01,4
D  MUNCHEN02,UK GLASGOW01,5
D  MUNCHEN02,UK GLASGOW02,3
D  MUNCHEN02,UK LONDON029,1
D  MUNCHEN02,UK NEWCAST01,1
D  MUNCHEN02,UK SHEFFIE01,2
D  ROSTOCK01,B  GENT01,1
D  ROSTOCK01,E  VALENCI02,2
D  ROSTOCK01,S  GOTEBOR02,2
D  ROSTOCK01,TR ISTANBU07,1
D  ROSTOCK01,UK PLYMOUT01,1
D  SAARBRU01,E  BARCELO03,1
D  SAARBRU01,S  LINKOPI01,2
D  STUTTGA01,A  WIEN02,3
D  STUTTGA01,CH LAUSANN06,3
D  STUTTGA01,CZ PRAHA10,1
D  STUTTGA01,DK ODENSE01,1
D  STUTTGA01,E  BARCELO03,7
D  STUTTGA01,E  LA-CORU01,1
D  STUTTGA01,E  MADRID05,8
D  STUTTGA01,E  SEVILLA01,2
D  STUTTGA01,E  TARRAGO01,2
D  STUTTGA01,E  VALENCI02,4
D  STUTTGA01,F  NANCY43,1
D  STUTTGA01,I  LECCE01,1
D  STUTTGA01,I  MILANO02,3
D  STUTTGA01,I  ROMA01,1
D  STUTTGA01,I  ROMA16,2
D  STUTTGA01,IRLDUBLIN02,1
D  STUTTGA01,IRLLIMERIC01,2
D  STUTTGA01,IS REYKJAV01,2
D  STUTTGA01,NL DELFT01,2
D  STUTTGA01,P  PORTO02,2
D  STUTTGA01,PL KRAKOW02,1
D  STUTTGA01,S  GOTEBOR02,11
D  STUTTGA01,S  LINKOPI01,5
D  STUTTGA01,S  LUND01,4
D  STUTTGA01,S  STOCKHO04,4
D  STUTTGA01,S  UPPSALA01,1
D  STUTTGA01,SF ESPOO12,2
D  STUTTGA01,SF TAMPERE02,1
D  STUTTGA01,TR ISTANBU04,6
D  STUTTGA01,UK CARDIFF01,1
D  STUTTGA01,UK CRANFIE01,1
D  STUTTGA01,UK DURHAM01,1
D  STUTTGA01,UK EXETER01,1
D  STUTTGA01,UK LONDON029,1
D  STUTTGA01,UK SOUTHAM01,1
D  STUTTGA02,DK KOBENHA01,2
D  STUTTGA02,I  BOLOGNA01,1
D  STUTTGA02,NL WAGENIN01,2
D  ULM01,S  LUND01,1
D  ULM01,SF OULU01,1
D  ULM01,UK YORK01,1
DK ALBORG01,I  MILANO02,2
DK ALBORG01,NL DELFT01,3
DK ALBORG01,NL EINDHOV17,1
DK ALBORG01,TR ANKARA04,1
DK ALBORG01,TR ISTANBU04,1
DK ALBORG01,UK SHEFFIE01,2
DK ARHUS01,CZ PRAHA10,1
DK ARHUS01,E  BARCELO03,6
DK ARHUS01,UK LONDON029,4
DK KOBENHA01,D  MUNCHEN02,2
DK KOBENHA01,E  BARCELO02,1
DK KOBENHA01,IS REYKJAV01,1
DK KOBENHA01,NL WAGENIN01,2
DK KOBENHA01,SF HELSINK01,1
DK LYNGBY01,A  WIEN02,1
DK LYNGBY01,CH LAUSANN06,6
DK LYNGBY01,CH ZURICH07,2
DK LYNGBY01,D  BERLIN02,1
DK LYNGBY01,D  MUNCHEN02,27
DK LYNGBY01,D  OLDENBU01,1
DK LYNGBY01,E  BARCELO03,1
DK LYNGBY01,E  MADRID05,2
DK LYNGBY01,E  PAMPLON01,1
DK LYNGBY01,E  VALENCI02,3
DK LYNGBY01,I  BOLOGNA01,1
DK LYNGBY01,I  PADOVA01,1
DK LYNGBY01,NL DELFT01,7
DK LYNGBY01,NL WAGENIN01,3
DK LYNGBY01,PL KRAKOW02,1
DK LYNGBY01,S  GOTEBOR02,1
DK LYNGBY01,SF ESPOO12,1
DK LYNGBY01,TR ISTANBU04,1
DK LYNGBY01,UK ABERDEE01,2
DK LYNGBY01,UK BATH01,1
DK LYNGBY01,UK BELFAST01,1
DK LYNGBY01,UK DURHAM01,1
DK LYNGBY01,UK EXETER01,4
DK LYNGBY01,UK LONDON031,2
DK ODENSE01,E  PAMPLON01,4
E  ALCAL-H01,A  GRAZ02,1
E  ALCAL-H01,A  INNSBRU01,3
E  ALCAL-H01,D  AACHEN01,2
E  ALCAL-H01,D  KARLSRU01,1
E  ALCAL-H01,HU BUDAPES02,2
E  ALCAL-H01,I  MILANO02,3
E  ALCAL-H01,I  PADOVA01,3
E  ALCAL-H01,I  PAVIA01,2
E  ALCAL-H01,I  ROMA01,3
E  ALCAL-H01,IRLLIMERIC01,2
E  ALCAL-H01,PL GDANSK02,4
E  ALCAL-H01,PL LODZ02,8
E  ALCAL-H01,PL WROCLAW02,1
E  ALCAL-H01,S  LINKOPI01,5
E  ALCAL-H01,SI LJUBLJA01,2
E  ALCAL-H01,TR ISTANBU04,1
E  BADAJOZ01,F  POITIER01,1
E  BADAJOZ01,I  MILANO02,1
E  BADAJOZ01,I  PADOVA01,1
E  BADAJOZ01,I  PARMA01,5
E  BADAJOZ01,I  PAVIA01,2
E  BADAJOZ01,I  SALERNO01,4
E  BADAJOZ01,P  COIMBRA01,3
E  BADAJOZ01,PL GLIWICE01,1
E  BADAJOZ01,TR ISTANBU03,1
E  BADAJOZ01,TR ISTANBU04,1
E  BADAJOZ01,TR ISTANBU05,2
E  BARCELO01,A  GRAZ01,1
E  BARCELO01,A  WIEN01,1
E  BARCELO01,A  WIEN03,1
E  BARCELO01,B  GENT01,3
E  BARCELO01,B  LEUVEN01,3
E  BARCELO01,CH LAUSANN06,2
E  BARCELO01,CH ZURICH01,1
E  BARCELO01,CZ PRAHA07,4
E  BARCELO01,D  BONN01,2
E  BARCELO01,D  HAMBURG01,1
E  BARCELO01,D  LEIPZIG01,1
E  BARCELO01,D  MUNCHEN02,5
E  BARCELO01,D  MUNSTER01,1
E  BARCELO01,D  STUTTGA02,1
E  BARCELO01,D  TUBINGE01,1
E  BARCELO01,DK KOBENHA01,3
E  BARCELO01,F  LYON01,2
E  BARCELO01,F  MONTPEL01,1
E  BARCELO01,F  PARIS005,2
E  BARCELO01,F  PARIS006,1
E  BARCELO01,F  STRASBO48,3
E  BARCELO01,HR ZAGREB01,1
E  BARCELO01,I  BOLOGNA01,13
E  BARCELO01,I  GENOVA01,1
E  BARCELO01,I  NAPOLI01,1
E  BARCELO01,I  NAPOLI09,1
E  BARCELO01,I  ROMA01,4
E  BARCELO01,I  TORINO01,2
E  BARCELO01,IS REYKJAV01,1
E  BARCELO01,NL AMSTERD01,1
E  BARCELO01,NL ENSCHED01,3
E  BARCELO01,NL LEIDEN01,2
E  BARCELO01,NL NIJMEGE01,1
E  BARCELO01,NL ROTTERD01,1
E  BARCELO01,NL UTRECHT01,1
E  BARCELO01,P  PORTO02,1
E  BARCELO01,PL GDANSK02,1
E  BARCELO01,PL KRAKOW01,1
E  BARCELO01,PL POZNAN05,2
E  BARCELO01,S  LUND01,1
E  BARCELO01,S  STOCKHO03,2
E  BARCELO01,S  STOCKHO04,1
E  BARCELO01,S  UPPSALA01,2
E  BARCELO01,SF HELSINK01,2
E  BARCELO01,SI LJUBLJA01,4
E  BARCELO01,SK BRATISL02,1
E  BARCELO01,UK GLASGOW01,1
E  BARCELO01,UK LEEDS01,2
E  BARCELO01,UK LONDON029,1
E  BARCELO02,B  GENT01,2
E  BARCELO02,B  LEUVEN01,1
E  BARCELO02,DK LYNGBY01,1
E  BARCELO02,I  SIENA01,1
E  BARCELO02,I  UDINE01,1
E  BARCELO02,UK SHEFFIE01,1
E  BARCELO03,A  GRAZ02,3
E  BARCELO03,A  WIEN02,16
E  BARCELO03,B  BRUSSEL01,2
E  BARCELO03,B  GENT01,6
E  BARCELO03,B  LEUVEN01,8
E  BARCELO03,CH BERN01,1
E  BARCELO03,CH LAUSANN06,18
E  BARCELO03,CH ZURICH07,11
E  BARCELO03,CZ PRAHA10,8
E  BARCELO03,D  AACHEN01,14
E  BARCELO03,D  BERLIN02,19
E  BARCELO03,D  BREMEN01,1
E  BARCELO03,D  DARMSTA01,17
E  BARCELO03,D  DORTMUN01,5
E  BARCELO03,D  DRESDEN02,3
E  BARCELO03,D  ERLANGE01,2
E  BARCELO03,D  FREIBUR01,1
E  BARCELO03,D  KAISERS01,8
E  BARCELO03,D  KARLSRU01,12
E  BARCELO03,D  MUNCHEN02,19
E  BARCELO03,D  SAARBRU01,4
E  BARCELO03,D  STUTTGA01,9
E  BARCELO03,DK ALBORG01,9
E  BARCELO03,DK ARHUS01,10
E  BARCELO03,DK LYNGBY01,15
E  BARCELO03,DK ODENSE01,1
E  BARCELO03,F  BORDEAU01,1
E  BARCELO03,F  LILLE01,7
E  BARCELO03,F  NANCY43,14
E  BARCELO03,F  NICE01,5
E  BARCELO03,F  PARIS006,1
E  BARCELO03,F  RENNES01,3
E  BARCELO03,HR ZAGREB01,3
E  BARCELO03,HU BUDAPES01,2
E  BARCELO03,HU BUDAPES02,7
E  BARCELO03,I  BOLOGNA01,1
E  BARCELO03,I  COSENZA01,1
E  BARCELO03,I  FERRARA01,1
E  BARCELO03,I  FIRENZE01,5
E  BARCELO03,I  GENOVA01,4
E  BARCELO03,I  L-AQUIL01,1
E  BARCELO03,I  MILANO02,25
E  BARCELO03,I  NAPOLI01,3
E  BARCELO03,I  PADOVA01,6
E  BARCELO03,I  PALERMO01,1
E  BARCELO03,I  PAVIA01,2
E  BARCELO03,I  ROMA01,14
E  BARCELO03,I  ROMA16,4
E  BARCELO03,I  SALERNO01,7
E  BARCELO03,I  TORINO02,30
E  BARCELO03,I  TRENTO01,1
E  BARCELO03,IRLDUBLIN01,1
E  BARCELO03,IRLDUBLIN02,1
E  BARCELO03,IRLDUBLIN04,2
E  BARCELO03,IRLLIMERIC01,2
E  BARCELO03,N  OSLO01,5
E  BARCELO03,NL DELFT01,16
E  BARCELO03,NL EINDHOV17,1
E  BARCELO03,NL GRONING01,4
E  BARCELO03,P  AVEIRO01,4
E  BARCELO03,P  BRAGA01,1
E  BARCELO03,P  COIMBRA01,5
E  BARCELO03,P  PORTO02,8
E  BARCELO03,PL GDANSK02,6
E  BARCELO03,PL KRAKOW02,2
E  BARCELO03,PL LODZ02,7
E  BARCELO03,PL WROCLAW02,5
E  BARCELO03,S  GOTEBOR02,9
E  BARCELO03,S  LINKOPI01,8
E  BARCELO03,S  LUND01,7
E  BARCELO03,S  STOCKHO04,20
E  BARCELO03,SF ESPOO12,6
E  BARCELO03,SF OULU01,3
E  BARCELO03,SF TAMPERE02,3
E  BARCELO03,SI LJUBLJA01,7
E  BARCELO03,TR ISTANBU04,2
E  BARCELO03,TR ISTANBU07,2
E  BARCELO03,UK ABERDEE01,6
E  BARCELO03,UK BELFAST01,2
E  BARCELO03,UK BRISTOL01,1
E  BARCELO03,UK CARDIFF01,4
E  BARCELO03,UK CRANFIE01,17
E  BARCELO03,UK GLASGOW01,3
E  BARCELO03,UK GLASGOW02,1
E  BARCELO03,UK LONDON015,2
E  BARCELO03,UK LONDON017,1
E  BARCELO03,UK LOUGHBO01,1
E  BARCELO03,UK NEWCAST01,2
E  BARCELO03,UK SHEFFIE01,5
E  BARCELO15,D  MUNCHEN02,2
E  BARCELO15,I  CAGLIAR01,1
E  BARCELO15,I  MILANO02,1
E  BARCELO15,I  ROMA01,1
E  BARCELO15,I  TORINO02,1
E  BARCELO15,NL EINDHOV17,2
E  BILBAO01,D  AACHEN01,2
E  BILBAO01,D  ERLANGE01,1
E  BILBAO01,D  FREIBUR01,3
E  BILBAO01,D  KAISERS01,4
E  BILBAO01,D  KARLSRU01,3
E  BILBAO01,DK ALBORG01,1
E  BILBAO01,DK ARHUS01,4
E  BILBAO01,DK ODENSE01,10
E  BILBAO01,HU BUDAPES01,1
E  BILBAO01,HU BUDAPES02,2
E  BILBAO01,I  FIRENZE01,3
E  BILBAO01,I  MILANO02,9
E  BILBAO01,I  PADOVA01,2
E  BILBAO01,I  ROMA01,1
E  BILBAO01,I  ROMA02,1
E  BILBAO01,I  ROMA16,2
E  BILBAO01,I  TORINO02,6
E  BILBAO01,I  TRENTO01,5
E  BILBAO01,I  TRIESTE01,2
E  BILBAO01,I  UDINE01,3
E  BILBAO01,NL EINDHOV17,2
E  BILBAO01,PL GDANSK02,3
E  BILBAO01,PL GLIWICE01,3
E  BILBAO01,PL LODZ02,8
E  BILBAO01,SF ESPOO12,3
E  BILBAO01,SF TAMPERE02,2
E  BILBAO01,SI LJUBLJA01,4
E  BILBAO01,UK CRANFIE01,16
E  CASTELL01,D  STUTTGA01,1
E  CASTELL01,I  BOLOGNA01,1
E  CASTELL01,P  AVEIRO01,1
E  CASTELL01,P  COIMBRA01,4
E  CASTELL01,TR ANKARA02,1
E  CIUDA-R01,A  GRAZ02,2
E  CIUDA-R01,B  GENT01,1
E  CIUDA-R01,D  AACHEN01,2
E  CIUDA-R01,I  BOLOGNA01,2
E  CIUDA-R01,I  CAGLIAR01,1
E  CIUDA-R01,I  GENOVA01,2
E  CIUDA-R01,I  MILANO02,2
E  CIUDA-R01,I  MODENA01,4
E  CIUDA-R01,I  PERUGIA01,1
E  CIUDA-R01,I  SALERNO01,1
E  CIUDA-R01,PL GDANSK02,1
E  CIUDA-R01,S  LUND01,1
E  CIUDA-R01,UK LEEDS01,2
E  CORDOBA01,D  MUNCHEN02,1
E  CORDOBA01,I  ANCONA01,1
E  CORDOBA01,I  PARMA01,2
E  CORDOBA01,I  TORINO02,2
E  CORDOBA01,I  TRIESTE01,2
E  GIRONA02,B  ANTWERP01,2
E  GIRONA02,I  MILANO02,2
E  GIRONA02,I  ROMA01,4
E  GIRONA02,SF TAMPERE02,1
E  GIRONA02,UK EDINBUR02,2
E  GRANADA01,A  WIEN02,6
E  GRANADA01,B  LEUVEN01,4
E  GRANADA01,CH LAUSANN06,3
E  GRANADA01,CZ PRAHA10,8
E  GRANADA01,D  AACHEN01,4
E  GRANADA01,D  BERLIN02,3
E  GRANADA01,D  DRESDEN02,2
E  GRANADA01,D  ESSEN04,2
E  GRANADA01,D  MUNCHEN02,2
E  GRANADA01,DK ALBORG01,1
E  GRANADA01,F  LYON01,1
E  GRANADA01,F  NICE01,1
E  GRANADA01,F  RENNES01,2
E  GRANADA01,I  BOLOGNA01,3
E  GRANADA01,I  CAGLIAR01,3
E  GRANADA01,I  FERRARA01,2
E  GRANADA01,I  GENOVA01,4
E  GRANADA01,I  MESSINA01,1
E  GRANADA01,I  MILANO02,8
E  GRANADA01,I  NAPOLI01,6
E  GRANADA01,I  PARMA01,3
E  GRANADA01,I  PISA01,2
E  GRANADA01,I  ROMA01,6
E  GRANADA01,I  ROMA16,8
E  GRANADA01,I  SASSARI01,2
E  GRANADA01,I  TORINO02,6
E  GRANADA01,I  TRENTO01,2
E  GRANADA01,I  TRIESTE01,2
E  GRANADA01,I  UDINE01,1
E  GRANADA01,IRLLIMERIC01,2
E  GRANADA01,P  AVEIRO01,1
E  GRANADA01,P  BRAGA01,2
E  GRANADA01,P  COIMBRA01,5
E  GRANADA01,P  PORTO02,4
E  GRANADA01,PL GDANSK02,3
E  GRANADA01,S  LINKOPI01,2
E  GRANADA01,TR ISTANBU07,3
E  GRANADA01,UK LONDON029,1
E  GRANADA01,UK SHEFFIE01,4
E  LA-CORU01,A  GRAZ02,1
E  LA-CORU01,D  STUTTGA01,2
E  LA-CORU01,I  BOLOGNA01,1
E  LA-CORU01,I  CAGLIAR01,1
E  LA-CORU01,I  FERRARA01,3
E  LA-CORU01,I  GENOVA01,6
E  LA-CORU01,I  MILANO02,4
E  LA-CORU01,I  PADOVA01,2
E  LA-CORU01,I  PALERMO01,6
E  LA-CORU01,I  ROMA01,6
E  LA-CORU01,I  TORINO02,11
E  LA-CORU01,P  AVEIRO01,2
E  LA-CORU01,P  BRAGA01,5
E  LA-CORU01,P  COIMBRA01,2
E  LA-CORU01,P  PORTO02,3
E  LA-CORU01,PL GDANSK02,4
E  LA-CORU01,PL KRAKOW02,1
E  LA-CORU01,S  GOTEBOR02,1
E  MADRID03,D  DORTMUN01,1
E  MADRID03,DK LYNGBY01,2
E  MADRID03,HR ZAGREB01,1
E  MADRID03,I  MILANO01,1
E  MADRID03,NL AMSTERD02,1
E  MADRID03,NL EINDHOV17,1
E  MADRID03,PL KRAKOW02,1
E  MADRID03,S  LUND01,1
E  MADRID03,S  STOCKHO04,2
E  MADRID03,SF OULU01,1
E  MADRID03,UK BIRMING02,1
E  MADRID04,D  BERLIN02,2
E  MADRID04,DK LYNGBY01,1
E  MADRID04,I  PISA01,1
E  MADRID04,I  ROMA02,2
E  MADRID04,NL EINDHOV17,2
E  MADRID04,PL KRAKOW02,2
E  MADRID04,SF ESPOO12,1
E  MADRID04,UK LONDON031,1
E  MADRID04,UK SHEFFIE01,2
E  MADRID05,A  GRAZ02,6
E  MADRID05,A  INNSBRU01,2
E  MADRID05,A  WIEN02,14
E  MADRID05,A  WIEN03,1
E  MADRID05,B  ANTWERP01,1
E  MADRID05,B  GENT01,10
E  MADRID05,B  LEUVEN01,6
E  MADRID05,CH LAUSANN06,9
E  MADRID05,CH ZURICH07,1
E  MADRID05,CZ PRAHA10,9
E  MADRID05,D  AACHEN01,22
E  MADRID05,D  BERLIN02,15
E  MADRID05,D  BERLIN13,6
E  MADRID05,D  BONN01,2
E  MADRID05,D  DARMSTA01,11
E  MADRID05,D  DRESDEN02,5
E  MADRID05,D  ERLANGE01,1
E  MADRID05,D  FREIBUR01,3
E  MADRID05,D  HAMBURG01,2
E  MADRID05,D  HANNOVE01,1
E  MADRID05,D  KARLSRU01,5
E  MADRID05,D  MUNCHEN02,35
E  MADRID05,D  ROSTOCK01,2
E  MADRID05,D  STUTTGA01,17
E  MADRID05,D  ULM01,2
E  MADRID05,DK ALBORG01,2
E  MADRID05,DK KOBENHA01,5
E  MADRID05,DK LYNGBY01,8
E  MADRID05,DK ODENSE01,3
E  MADRID05,F  BORDEAU01,4
E  MADRID05,F  LILLE01,2
E  MADRID05,F  NANCY43,2
E  MADRID05,HR ZAGREB01,2
E  MADRID05,HU BUDAPES02,5
E  MADRID05,I  BOLOGNA01,5
E  MADRID05,I  CAGLIAR01,4
E  MADRID05,I  FERRARA01,1
E  MADRID05,I  FIRENZE01,3
E  MADRID05,I  GENOVA01,1
E  MADRID05,I  MILANO02,17
E  MADRID05,I  NAPOLI01,3
E  MADRID05,I  PADOVA01,6
E  MADRID05,I  PALERMO01,1
E  MADRID05,I  PARMA01,1
E  MADRID05,I  PISA01,3
E  MADRID05,I  ROMA01,5
E  MADRID05,I  ROMA02,1
E  MADRID05,I  ROMA16,4
E  MADRID05,I  SASSARI01,2
E  MADRID05,I  TORINO01,1
E  MADRID05,I  TORINO02,27
E  MADRID05,IRLCORK01,2
E  MADRID05,IRLDUBLIN02,2
E  MADRID05,IRLLIMERIC01,1
E  MADRID05,NL AMSTERD02,3
E  MADRID05,NL DELFT01,11
E  MADRID05,NL EINDHOV17,5
E  MADRID05,NL WAGENIN01,2
E  MADRID05,P  PORTO02,1
E  MADRID05,PL GDANSK02,8
E  MADRID05,PL GLIWICE01,2
E  MADRID05,PL KRAKOW02,7
E  MADRID05,PL LODZ02,8
E  MADRID05,S  GOTEBOR02,7
E  MADRID05,S  LINKOPI01,11
E  MADRID05,S  LUND01,9
E  MADRID05,S  STOCKHO04,19
E  MADRID05,S  UPPSALA01,2
E  MADRID05,S  UPPSALA02,6
E  MADRID05,SF ESPOO12,12
E  MADRID05,SF HELSINK01,4
E  MADRID05,SF OULU01,3
E  MADRID05,SF TAMPERE02,9
E  MADRID05,SI LJUBLJA01,8
E  MADRID05,TR ISTANBU04,3
E  MADRID05,TR ISTANBU07,3
E  MADRID05,UK BATH01,3
E  MADRID05,UK BELFAST01,5
E  MADRID05,UK CARDIFF01,2
E  MADRID05,UK CRANFIE01,37
E  MADRID05,UK GLASGOW01,3
E  MADRID05,UK LONDON015,5
E  MADRID05,UK LONDON017,2
E  MADRID05,UK SOUTHAM01,2
E  MADRID14,A  WIEN02,1
E  MADRID14,CH LAUSANN06,1
E  MADRID14,CZ PRAHA10,2
E  MADRID14,D  AACHEN01,4
E  MADRID14,D  DRESDEN02,4
E  MADRID14,D  KAISERS01,6
E  MADRID14,D  KARLSRU01,1
E  MADRID14,D  MUNCHEN02,4
E  MADRID14,DK ALBORG01,1
E  MADRID14,DK LYNGBY01,2
E  MADRID14,I  ANCONA01,5
E  MADRID14,I  BOLOGNA01,1
E  MADRID14,I  FIRENZE01,2
E  MADRID14,I  MILANO02,2
E  MADRID14,I  NAPOLI01,2
E  MADRID14,I  PAVIA01,5
E  MADRID14,I  PERUGIA01,3
E  MADRID14,I  PISA01,2
E  MADRID14,I  ROMA01,2
E  MADRID14,I  ROMA16,4
E  MADRID14,I  SIENA01,1
E  MADRID14,I  TORINO02,4
E  MADRID14,NL EINDHOV17,2
E  MADRID14,NL ENSCHED01,1
E  MADRID14,P  COIMBRA01,2
E  MADRID14,PL GLIWICE01,3
E  MADRID14,PL KRAKOW02,2
E  MADRID14,S  GOTEBOR02,6
E  MADRID14,S  LINKOPI01,1
E  MADRID14,SF TAMPERE02,6
E  MADRID14,UK BRISTOL01,1
E  MALAGA01,D  AACHEN01,4
E  MALAGA01,D  DRESDEN02,2
E  MALAGA01,D  MUNCHEN02,5
E  MALAGA01,DK ODENSE01,1
E  MALAGA01,F  LILLE01,3
E  MALAGA01,I  BOLOGNA01,2
E  MALAGA01,I  FIRENZE01,1
E  MALAGA01,I  GENOVA01,2
E  MALAGA01,I  MILANO02,2
E  MALAGA01,I  PALERMO01,1
E  MALAGA01,I  ROMA01,4
E  MALAGA01,I  ROMA02,4
E  MALAGA01,I  SALERNO01,4
E  MALAGA01,P  BRAGA01,1
E  MALAGA01,P  COIMBRA01,2
E  MALAGA01,PL LODZ02,3
E  MALAGA01,PL WROCLAW02,7
E  MALAGA01,TR ANKARA03,1
E  MALAGA01,UK EDINBUR01,2
E  MURCIA01,B  BRUSSEL01,2
E  MURCIA01,D  KAISERS01,4
E  MURCIA01,UK BATH01,1
E  OVIEDO01,A  INNSBRU01,1
E  OVIEDO01,A  WIEN02,2
E  OVIEDO01,B  GENT01,2
E  OVIEDO01,CZ PRAHA10,3
E  OVIEDO01,D  KAISERS01,2
E  OVIEDO01,D  MUNCHEN02,2
E  OVIEDO01,DK ALBORG01,3
E  OVIEDO01,DK LYNGBY01,2
E  OVIEDO01,F  BESANCO01,2
E  OVIEDO01,F  NANCY43,1
E  OVIEDO01,I  BOLOGNA01,9
E  OVIEDO01,I  CAGLIAR01,9
E  OVIEDO01,I  COSENZA01,3
E  OVIEDO01,I  MILANO02,1
E  OVIEDO01,I  MODENA01,3
E  OVIEDO01,I  NAPOLI01,2
E  OVIEDO01,I  PADOVA01,3
E  OVIEDO01,I  PALERMO01,1
E  OVIEDO01,I  ROMA01,1
E  OVIEDO01,I  TRENTO01,3
E  OVIEDO01,NL NIJMEGE01,1
E  OVIEDO01,PL GLIWICE01,26
E  OVIEDO01,PL KRAKOW02,4
E  OVIEDO01,PL WROCLAW02,3
E  OVIEDO01,S  GOTEBOR02,2
E  OVIEDO01,S  LINKOPI01,4
E  OVIEDO01,S  LUND01,1
E  OVIEDO01,SI LJUBLJA01,2
E  OVIEDO01,TR ISTANBU07,2
E  OVIEDO01,TR TRABZON01,3
E  OVIEDO01,UK DUNDEE01,1
E  OVIEDO01,UK GLASGOW02,4
E  OVIEDO01,UK LEEDS01,1
E  OVIEDO01,UK MANCHES01,1
E  OVIEDO01,UK SHEFFIE01,2
E  PALMA01,D  ERLANGE01,1
E  PAMPLON01,A  GRAZ02,3
E  PAMPLON01,A  WIEN02,1
E  PAMPLON01,B  LEUVEN01,2
E  PAMPLON01,CZ PRAHA10,2
E  PAMPLON01,D  BERLIN02,4
E  PAMPLON01,D  DRESDEN02,1
E  PAMPLON01,D  MUNCHEN02,2
E  PAMPLON01,DK LYNGBY01,2
E  PAMPLON01,DK ODENSE01,4
E  PAMPLON01,F  PARIS006,1
E  PAMPLON01,I  CAGLIAR01,1
E  PAMPLON01,I  FIRENZE01,2
E  PAMPLON01,I  MILANO02,2
E  PAMPLON01,I  ROMA02,2
E  PAMPLON01,S  GOTEBOR02,5
E  PAMPLON01,S  LINKOPI01,10
E  PAMPLON01,S  STOCKHO04,5
E  PAMPLON01,SF ESPOO12,2
E  PAMPLON01,SF OULU01,4
E  PAMPLON01,UK CRANFIE01,2
E  PAMPLON01,UK GLASGOW01,4
E  PAMPLON01,UK LOUGHBO01,2
E  PAMPLON01,UK SHEFFIE01,2
E  SALAMAN02,D  DARMSTA01,1
E  SALAMAN02,P  LISBOA02,2
E  SANTAND01,B  GENT01,1
E  SANTAND01,D  AACHEN01,2
E  SANTAND01,D  DARMSTA01,1
E  SANTAND01,I  BOLOGNA01,4
E  SANTAND01,I  COSENZA01,4
E  SANTAND01,I  GENOVA01,2
E  SANTAND01,I  PAVIA01,1
E  SANTAND01,I  ROMA02,4
E  SANTAND01,I  ROMA16,6
E  SANTAND01,I  TORINO02,5
E  SANTAND01,I  UDINE01,4
E  SANTAND01,IRLLIMERIC01,1
E  SANTAND01,NL EINDHOV17,2
E  SANTAND01,P  BRAGA01,2
E  SANTAND01,P  PORTO02,5
E  SANTAND01,PL WROCLAW02,2
E  SANTAND01,S  GOTEBOR02,1
E  SANTAND01,TR ISTANBU05,3
E  SANTAND01,TR IZMIR01,2
E  SANTAND01,UK EXETER01,3
E  SANTAND01,UK LEEDS01,2
E  SANTAND01,UK LOUGHBO01,2
E  SANTIAG01,B  GENT01,3
E  SANTIAG01,D  BERLIN02,1
E  SANTIAG01,D  DRESDEN02,2
E  SANTIAG01,D  ERLANGE01,2
E  SANTIAG01,DK LYNGBY01,2
E  SANTIAG01,P  PORTO02,1
E  SANTIAG01,PL GDANSK02,2
E  SANTIAG01,PL GLIWICE01,1
E  SANTIAG01,S  STOCKHO04,2
E  SANTIAG01,UK NEWCAST01,1
E  SEVILLA01,B  LEUVEN01,3
E  SEVILLA01,CZ PRAHA10,1
E  SEVILLA01,D  AACHEN01,2
E  SEVILLA01,D  BERLIN02,1
E  SEVILLA01,D  BOCHUM01,1
E  SEVILLA01,D  DARMSTA01,4
E  SEVILLA01,D  DRESDEN02,1
E  SEVILLA01,D  MUNCHEN02,3
E  SEVILLA01,D  STUTTGA01,3
E  SEVILLA01,DK ARHUS01,1
E  SEVILLA01,HU BUDAPES02,4
E  SEVILLA01,I  BOLOGNA01,6
E  SEVILLA01,I  CATANIA01,1
E  SEVILLA01,I  CHIETI01,4
E  SEVILLA01,I  COSENZA01,5
E  SEVILLA01,I  FERRARA01,6
E  SEVILLA01,I  FIRENZE01,6
E  SEVILLA01,I  L-AQUIL01,2
E  SEVILLA01,I  MESSINA01,3
E  SEVILLA01,I  MILANO02,20
E  SEVILLA01,I  NAPOLI01,7
E  SEVILLA01,I  NAPOLI09,2
E  SEVILLA01,I  PADOVA01,1
E  SEVILLA01,I  PAVIA01,5
E  SEVILLA01,I  PISA01,3
E  SEVILLA01,I  ROMA01,12
E  SEVILLA01,I  SALERNO01,4
E  SEVILLA01,I  SASSARI01,2
E  SEVILLA01,I  TORINO02,6
E  SEVILLA01,IRLCORK01,1
E  SEVILLA01,NL DELFT01,2
E  SEVILLA01,PL GDANSK02,2
E  SEVILLA01,PL KRAKOW02,2
E  SEVILLA01,PL WROCLAW02,3
E  SEVILLA01,S  LUND01,1
E  SEVILLA01,SF ESPOO12,1
E  SEVILLA01,TR ISTANBU04,2
E  SEVILLA01,UK BRISTOL01,2
E  SEVILLA01,UK CRANFIE01,5
E  SEVILLA01,UK GLASGOW02,2
E  SEVILLA01,UK SWANSEA01,3
E  TARRAGO01,B  LEUVEN01,2
E  TARRAGO01,D  BERLIN02,1
E  TARRAGO01,D  KARLSRU01,1
E  TARRAGO01,D  STUTTGA01,2
E  TARRAGO01,HU BUDAPES02,1
E  TARRAGO01,I  MILANO02,3
E  TARRAGO01,I  PALERMO01,1
E  TARRAGO01,I  PERUGIA01,1
E  TARRAGO01,I  TORINO02,6
E  TARRAGO01,I  TRIESTE01,3
E  TARRAGO01,P  BRAGA01,2
E  TENERIF01,D  HILDESH02,2
E  TENERIF01,I  MILANO02,3
E  TENERIF01,P  PORTO02,1
E  TENERIF01,PL WROCLAW02,4
E  VALENCI01,CZ PRAHA10,1
E  VALENCI01,D  BONN01,1
E  VALENCI01,D  DARMSTA01,1
E  VALENCI01,I  NAPOLI01,2
E  VALENCI01,P  PORTO02,1
E  VALENCI01,S  GOTEBOR02,2
E  VALENCI01,SF TAMPERE02,1
E  VALENCI01,UK LOUGHBO01,2
E  VALENCI01,UK NEWCAST01,1
E  VALENCI02,A  GRAZ02,5
E  VALENCI02,A  WIEN02,7
E  VALENCI02,A  WIEN03,1
E  VALENCI02,B  BRUSSEL01,1
E  VALENCI02,B  GENT01,5
E  VALENCI02,B  LEUVEN01,3
E  VALENCI02,CH LAUSANN06,7
E  VALENCI02,CH ZURICH07,6
E  VALENCI02,CZ PRAHA10,20
E  VALENCI02,D  AACHEN01,18
E  VALENCI02,D  BERLIN02,10
E  VALENCI02,D  BREMEN01,2
E  VALENCI02,D  DARMSTA01,2
E  VALENCI02,D  DRESDEN02,2
E  VALENCI02,D  HANNOVE01,2
E  VALENCI02,D  HILDESH02,1
E  VALENCI02,D  KAISERS01,2
E  VALENCI02,D  KARLSRU01,7
E  VALENCI02,D  MUNCHEN02,16
E  VALENCI02,D  STUTTGA01,4
E  VALENCI02,DK ARHUS01,2
E  VALENCI02,DK LYNGBY01,11
E  VALENCI02,DK ODENSE01,1
E  VALENCI02,F  NANCY43,2
E  VALENCI02,HR ZAGREB01,2
E  VALENCI02,HU BUDAPES02,2
E  VALENCI02,I  BOLOGNA01,11
E  VALENCI02,I  FIRENZE01,4
E  VALENCI02,I  MILANO02,25
E  VALENCI02,I  PALERMO01,1
E  VALENCI02,I  PARMA01,3
E  VALENCI02,I  PERUGIA01,1
E  VALENCI02,I  PISA01,2
E  VALENCI02,I  ROMA01,10
E  VALENCI02,I  ROMA02,1
E  VALENCI02,I  ROMA16,4
E  VALENCI02,I  SALERNO01,1
E  VALENCI02,I  TORINO02,9
E  VALENCI02,I  TRIESTE01,5
E  VALENCI02,IRLDUBLIN02,1
E  VALENCI02,IRLLIMERIC01,1
E  VALENCI02,N  TROMSO01,1
E  VALENCI02,NL DELFT01,6
E  VALENCI02,NL EINDHOV17,4
E  VALENCI02,P  BRAGA01,2
E  VALENCI02,P  LISBOA02,1
E  VALENCI02,P  PORTO02,4
E  VALENCI02,PL GDANSK02,4
E  VALENCI02,PL GLIWICE01,2
E  VALENCI02,PL KRAKOW02,2
E  VALENCI02,PL LODZ02,2
E  VALENCI02,PL WROCLAW02,10
E  VALENCI02,S  GOTEBOR02,1
E  VALENCI02,S  LINKOPI01,4
E  VALENCI02,S  LUND01,5
E  VALENCI02,S  STOCKHO04,12
E  VALENCI02,SF ESPOO12,6
E  VALENCI02,SF HELSINK01,1
E  VALENCI02,SF OULU01,2
E  VALENCI02,SF TAMPERE02,5
E  VALENCI02,SF TURKU01,1
E  VALENCI02,SI LJUBLJA01,4
E  VALENCI02,UK BELFAST01,1
E  VALENCI02,UK BRISTOL01,2
E  VALENCI02,UK CRANFIE01,23
E  VALENCI02,UK GLASGOW02,4
E  VALENCI02,UK LEEDS01,1
E  VALLADO01,B  ANTWERP01,3
E  VALLADO01,B  GENT01,4
E  VALLADO01,D  BOCHUM01,3
E  VALLADO01,D  DORTMUN01,2
E  VALLADO01,D  DRESDEN02,6
E  VALLADO01,D  ERLANGE01,3
E  VALLADO01,D  STUTTGA01,6
E  VALLADO01,DK ARHUS01,2
E  VALLADO01,DK LYNGBY01,3
E  VALLADO01,DK ODENSE01,1
E  VALLADO01,F  NANCY43,2
E  VALLADO01,HU BUDAPES02,7
E  VALLADO01,I  ANCONA01,1
E  VALLADO01,I  CATANIA01,2
E  VALLADO01,I  FIRENZE01,5
E  VALLADO01,I  GENOVA01,3
E  VALLADO01,I  MILANO02,7
E  VALLADO01,I  PERUGIA01,2
E  VALLADO01,I  ROMA01,4
E  VALLADO01,I  ROMA16,3
E  VALLADO01,I  SALERNO01,2
E  VALLADO01,I  TORINO02,3
E  VALLADO01,I  TRIESTE01,2
E  VALLADO01,N  BERGEN01,1
E  VALLADO01,NL EINDHOV17,2
E  VALLADO01,NL WAGENIN01,2
E  VALLADO01,P  BRAGA01,1
E  VALLADO01,PL GDANSK02,3
E  VALLADO01,PL LODZ02,1
E  VALLADO01,SI LJUBLJA01,2
E  VALLADO01,TR ISTANBU07,2
E  VALLADO01,UK BIRMING02,2
E  VALLADO01,UK LEEDS01,1
E  VALLADO01,UK LONDON015,1
E  VALLADO01,UK NOTTING01,1
E  VIGO01,A  WIEN02,3
E  VIGO01,B  LEUVEN01,5
E  VIGO01,CZ PRAHA10,1
E  VIGO01,D  BERLIN02,1
E  VIGO01,D  BREMEN01,1
E  VIGO01,D  FREIBUR01,1
E  VIGO01,D  MUNCHEN02,1
E  VIGO01,DK ODENSE01,1
E  VIGO01,F  LILLE01,1
E  VIGO01,F  LYON01,3
E  VIGO01,F  PARIS006,1
E  VIGO01,HR ZAGREB01,2
E  VIGO01,I  BOLOGNA01,8
E  VIGO01,I  CAGLIAR01,2
E  VIGO01,I  FIRENZE01,2
E  VIGO01,I  MILANO02,1
E  VIGO01,I  NAPOLI01,2
E  VIGO01,I  PADOVA01,1
E  VIGO01,I  PARMA01,2
E  VIGO01,I  PERUGIA01,1
E  VIGO01,I  ROMA16,1
E  VIGO01,NL DELFT01,1
E  VIGO01,P  BRAGA01,1
E  VIGO01,P  COIMBRA01,2
E  VIGO01,PL GDANSK02,1
E  VIGO01,PL KRAKOW02,3
E  VIGO01,PL LODZ02,7
E  VIGO01,PL WROCLAW02,4
E  VIGO01,SF OULU01,1
E  VIGO01,UK BELFAST01,2
E  VIGO01,UK CRANFIE01,3
E  ZARAGOZ01,A  GRAZ02,2
E  ZARAGOZ01,A  WIEN02,9
E  ZARAGOZ01,B  LEUVEN01,3
E  ZARAGOZ01,D  AACHEN01,6
E  ZARAGOZ01,D  BERLIN02,3
E  ZARAGOZ01,D  DORTMUN01,2
E  ZARAGOZ01,D  DRESDEN02,3
E  ZARAGOZ01,D  KARLSRU01,7
E  ZARAGOZ01,D  MUNCHEN02,2
E  ZARAGOZ01,D  STUTTGA01,2
E  ZARAGOZ01,DK ARHUS01,4
E  ZARAGOZ01,DK LYNGBY01,7
E  ZARAGOZ01,DK ODENSE01,3
E  ZARAGOZ01,I  BOLOGNA01,4
E  ZARAGOZ01,I  COSENZA01,6
E  ZARAGOZ01,I  GENOVA01,4
E  ZARAGOZ01,I  MILANO02,6
E  ZARAGOZ01,I  ROMA01,2
E  ZARAGOZ01,I  ROMA16,2
E  ZARAGOZ01,I  TORINO02,14
E  ZARAGOZ01,I  TRENTO01,1
E  ZARAGOZ01,I  TRIESTE01,1
E  ZARAGOZ01,P  PORTO02,2
E  ZARAGOZ01,PL WROCLAW02,3
E  ZARAGOZ01,S  GOTEBOR02,5
E  ZARAGOZ01,S  LINKOPI01,3
E  ZARAGOZ01,S  LUND01,1
E  ZARAGOZ01,SF ESPOO12,1
E  ZARAGOZ01,SF OULU01,2
E  ZARAGOZ01,SF TAMPERE02,2
E  ZARAGOZ01,TR ISTANBU04,2
E  ZARAGOZ01,UK GLASGOW01,3
E  ZARAGOZ01,UK LEEDS01,2
F  BORDEAU01,PL GDANSK02,1
F  BORDEAU01,S  LINKOPI01,1
F  BORDEAU01,TR ISTANBU07,1
F  DIJON01,CZ PRAHA10,1
F  DIJON01,E  GIRONA02,7
F  DIJON01,E  VALENCI02,10
F  DIJON01,I  MILANO02,2
F  DIJON01,S  GOTEBOR02,4
F  DIJON01,S  LINKOPI01,4
F  DIJON01,SF ESPOO12,2
F  LILLE01,A  GRAZ02,3
F  LILLE01,B  GENT01,1
F  LILLE01,D  AACHEN01,6
F  LILLE01,D  BONN01,1
F  LILLE01,E  ALCAL-H01,1
F  LILLE01,E  BARCELO03,4
F  LILLE01,E  BILBAO01,1
F  LILLE01,E  MADRID05,3
F  LILLE01,E  VALENCI02,4
F  LILLE01,I  MILANO02,9
F  LILLE01,I  UDINE01,1
F  LILLE01,PL LODZ02,3
F  LILLE01,PL WROCLAW02,4
F  LILLE01,S  LINKOPI01,6
F  LYON01,E  BARCELO01,2
F  LYON01,E  GRANADA01,1
F  LYON01,E  VALENCI01,2
F  LYON01,NL EINDHOV17,2
F  MARSEIL84,I  GENOVA01,1
F  MARSEIL84,S  LINKOPI01,6
F  NANCY43,A  WIEN02,1
F  NANCY43,B  LEUVEN01,2
F  NANCY43,CZ PRAHA10,2
F  NANCY43,D  AACHEN01,1
F  NANCY43,D  BERLIN02,3
F  NANCY43,D  BREMEN01,3
F  NANCY43,D  DARMSTA01,1
F  NANCY43,D  KARLSRU01,6
F  NANCY43,D  MUNCHEN02,3
F  NANCY43,D  SAARBRU01,13
F  NANCY43,D  STUTTGA01,5
F  NANCY43,DK ARHUS01,2
F  NANCY43,DK LYNGBY01,5
F  NANCY43,E  BARCELO03,10
F  NANCY43,E  CIUDA-R01,3
F  NANCY43,E  GRANADA01,3
F  NANCY43,E  TARRAGO01,2
F  NANCY43,E  VALENCI02,1
F  NANCY43,E  VALLADO01,3
F  NANCY43,I  FERRARA01,3
F  NANCY43,I  FIRENZE01,2
F  NANCY43,I  MILANO02,2
F  NANCY43,I  ROMA01,3
F  NANCY43,I  TRIESTE01,1
F  NANCY43,IRLLIMERIC01,1
F  NANCY43,IS REYKJAV01,1
F  NANCY43,P  PORTO02,3
F  NANCY43,PL KRAKOW01,1
F  NANCY43,PL KRAKOW02,2
F  NANCY43,PL LODZ02,2
F  NANCY43,S  GOTEBOR02,12
F  NANCY43,S  LINKOPI01,5
F  NANCY43,SF KUOPIO12,2
F  NANCY43,SF OULU01,7
F  NANCY43,TR ISTANBU07,1
F  NANCY43,UK BIRMING02,2
F  NANCY43,UK GLASGOW02,3
F  NANCY43,UK LONDON015,2
F  NANCY43,UK LONDON029,2
F  NANCY43,UK LONDON031,4
F  NANCY43,UK MANCHES01,2
F  NANTES01,CZ PRAHA10,3
F  NANTES01,D  DRESDEN02,1
F  NANTES01,DK LYNGBY01,1
F  NANTES01,PL LODZ02,1
F  NANTES01,SF TAMPERE02,1
F  NANTES01,UK SOUTHAM01,1
F  NICE01,CH LAUSANN06,1
F  NICE01,E  BARCELO03,4
F  NICE01,I  BOLOGNA01,1
F  NICE01,PL GDANSK02,3
F  PARIS006,B  LEUVEN01,1
F  PARIS006,CH LAUSANN06,3
F  PARIS006,CH ZURICH07,1
F  PARIS006,D  MUNCHEN02,2
F  PARIS006,DK LYNGBY01,1
F  PARIS006,E  VALENCI02,1
F  PARIS006,I  BRESCIA01,6
F  PARIS006,I  ROMA01,1
F  PARIS006,IRLDUBLIN02,3
F  PARIS006,N  BERGEN01,1
F  PARIS006,N  OSLO01,3
F  PARIS006,NL DELFT01,1
F  PARIS006,NL EINDHOV17,2
F  PARIS006,S  STOCKHO04,1
F  PARIS006,UK GLASGOW01,2
F  PARIS011,E  MADRID05,2
F  PARIS011,S  GOTEBOR02,2
F  PARIS012,E  VALLADO01,1
F  PARIS012,I  TORINO02,1
F  PARIS012,UK BELFAST01,1
F  PARIS012,UK LONDON029,2
F  POITIER01,S  LINKOPI01,2
F  RENNES01,D  JENA01,2
F  RENNES01,IRLDUBLIN01,1
F  RENNES01,S  LUND01,2
F  RENNES01,SF TAMPERE02,2
F  TOURS01,E  BADAJOZ01,5
F  TOURS01,I  BOLOGNA01,2
F  TOURS01,I  MILANO02,2
F  TOURS01,I  SIENA01,5
F  TOURS01,N  TROMSO01,1
F  TOURS01,NL NIJMEGE01,2
F  TOURS01,P  PORTO02,1
F  TOURS01,PL LODZ02,2
HR ZAGREB01,A  GRAZ02,2
HR ZAGREB01,A  WIEN02,7
HR ZAGREB01,B  LEUVEN01,3
HR ZAGREB01,D  AACHEN01,1
HR ZAGREB01,D  KARLSRU01,3
HR ZAGREB01,D  MUNCHEN02,2
HR ZAGREB01,DK ALBORG01,1
HR ZAGREB01,E  BARCELO03,1
HR ZAGREB01,E  MADRID03,2
HR ZAGREB01,E  MADRID05,3
HR ZAGREB01,I  BOLOGNA01,1
HR ZAGREB01,I  MILANO02,5
HR ZAGREB01,I  ROMA01,1
HR ZAGREB01,S  GOTEBOR02,1
HR ZAGREB01,SF ESPOO12,1
HR ZAGREB01,SI LJUBLJA01,5
HU BUDAPES01,E  VALENCI02,1
HU BUDAPES02,A  GRAZ02,3
HU BUDAPES02,B  BRUSSEL01,6
HU BUDAPES02,B  LEUVEN01,1
HU BUDAPES02,D  BERLIN02,2
HU BUDAPES02,D  DRESDEN02,3
HU BUDAPES02,D  ERLANGE01,1
HU BUDAPES02,D  KAISERS01,5
HU BUDAPES02,D  KARLSRU01,7
HU BUDAPES02,D  MAGDEBU01,3
HU BUDAPES02,D  MUNCHEN02,11
HU BUDAPES02,D  STUTTGA01,3
HU BUDAPES02,D  ULM01,2
HU BUDAPES02,DK LYNGBY01,3
HU BUDAPES02,E  BARCELO03,6
HU BUDAPES02,E  MADRID05,1
HU BUDAPES02,E  VALENCI02,3
HU BUDAPES02,E  VALLADO01,1
HU BUDAPES02,F  POITIER01,1
HU BUDAPES02,I  BOLOGNA01,1
HU BUDAPES02,I  FIRENZE01,2
HU BUDAPES02,I  MILANO02,3
HU BUDAPES02,I  ROMA01,2
HU BUDAPES02,I  TORINO02,1
HU BUDAPES02,NL DELFT01,5
HU BUDAPES02,P  PORTO02,1
HU BUDAPES02,S  GOTEBOR02,2
HU BUDAPES02,S  STOCKHO04,1
HU BUDAPES02,SF ESPOO12,1
HU BUDAPES02,SF OULU01,4
HU BUDAPES02,SF TAMPERE02,6
HU BUDAPES02,SI LJUBLJA01,1
HU BUDAPES02,TR ISTANBU04,1
HU BUDAPES02,UK BRISTOL01,1
HU BUDAPES02,UK CRANFIE01,2
HU BUDAPES02,UK GLASGOW01,2
HU DEBRECE01,I  PADOVA01,1
HU DEBRECE01,NL WAGENIN01,1
HU DEBRECE01,TR KAYSERI01,4
I  ANCONA01,CZ PRAHA07,2
I  ANCONA01,CZ PRAHA10,1
I  ANCONA01,D  DARMSTA01,1
I  ANCONA01,D  KARLSRU01,3
I  ANCONA01,E  BARCELO03,5
I  ANCONA01,E  CORDOBA01,2
I  ANCONA01,E  MADRID14,2
I  ANCONA01,E  SANTAND01,1
I  ANCONA01,E  VALENCI02,6
I  ANCONA01,E  VALLADO01,2
I  ANCONA01,E  ZARAGOZ01,1
I  ANCONA01,F  LILLE01,2
I  ANCONA01,IRLLIMERIC01,2
I  ANCONA01,NL EINDHOV17,1
I  ANCONA01,PL GDANSK02,1
I  ANCONA01,PL KRAKOW02,2
I  ANCONA01,TR ISTANBU04,2
I  BOLOGNA01,A  WIEN02,1
I  BOLOGNA01,B  ANTWERP01,1
I  BOLOGNA01,B  LEUVEN01,1
I  BOLOGNA01,D  BERLIN02,1
I  BOLOGNA01,D  BOCHUM01,1
I  BOLOGNA01,D  HANNOVE01,1
I  BOLOGNA01,D  MUNCHEN01,1
I  BOLOGNA01,D  MUNCHEN02,2
I  BOLOGNA01,D  STUTTGA01,2
I  BOLOGNA01,DK ALBORG01,1
I  BOLOGNA01,DK LYNGBY01,2
I  BOLOGNA01,E  BARCELO03,4
I  BOLOGNA01,E  GRANADA01,4
I  BOLOGNA01,E  MADRID05,2
I  BOLOGNA01,E  SANTAND01,1
I  BOLOGNA01,E  SEVILLA01,6
I  BOLOGNA01,E  VALENCI02,8
I  BOLOGNA01,E  VIGO01,3
I  BOLOGNA01,E  ZARAGOZ01,1
I  BOLOGNA01,F  LILLE01,1
I  BOLOGNA01,F  PARIS006,3
I  BOLOGNA01,IRLCORK01,1
I  BOLOGNA01,IRLLIMERIC01,2
I  BOLOGNA01,IS REYKJAV01,2
I  BOLOGNA01,N  BERGEN01,2
I  BOLOGNA01,NL DELFT01,7
I  BOLOGNA01,NL EINDHOV17,1
I  BOLOGNA01,NL NIJMEGE01,1
I  BOLOGNA01,P  AVEIRO01,4
I  BOLOGNA01,P  BRAGA01,2
I  BOLOGNA01,P  COIMBRA01,1
I  BOLOGNA01,P  PORTO02,3
I  BOLOGNA01,PL KRAKOW01,1
I  BOLOGNA01,S  GOTEBOR02,4
I  BOLOGNA01,S  LINKOPI01,1
I  BOLOGNA01,S  LUND01,1
I  BOLOGNA01,S  STOCKHO04,1
I  BOLOGNA01,SF HELSINK01,2
I  BOLOGNA01,SI LJUBLJA01,2
I  BOLOGNA01,TR ISTANBU07,2
I  BOLOGNA01,UK CAMBRID01,1
I  BOLOGNA01,UK GLASGOW01,1
I  BOLOGNA01,UK GLASGOW02,1
I  BOLOGNA01,UK HULL01,1
I  BOLOGNA01,UK LOUGHBO01,1
I  BOLOGNA01,UK NOTTING01,1
I  BOLOGNA01,UK SOUTHAM01,2
I  BRESCIA01,CH LAUSANN06,3
I  BRESCIA01,D  AACHEN01,1
I  BRESCIA01,D  BERLIN02,2
I  BRESCIA01,D  FREIBUR01,1
I  BRESCIA01,D  JENA01,2
I  BRESCIA01,D  MAGDEBU01,3
I  BRESCIA01,D  MARBURG01,1
I  BRESCIA01,D  STUTTGA01,2
I  BRESCIA01,DK ODENSE01,3
I  BRESCIA01,E  BARCELO03,2
I  BRESCIA01,E  CASTELL01,1
I  BRESCIA01,E  MADRID05,7
I  BRESCIA01,E  SEVILLA01,1
I  BRESCIA01,E  VALENCI02,2
I  BRESCIA01,F  PARIS006,7
I  BRESCIA01,F  STRASBO48,1
I  BRESCIA01,IRLCORK01,1
I  BRESCIA01,NL EINDHOV17,2
I  BRESCIA01,P  COIMBRA01,3
I  BRESCIA01,S  LINKOPI01,2
I  BRESCIA01,TR ISTANBU05,2
I  BRESCIA01,UK DUNDEE01,2
I  BRESCIA01,UK EDINBUR02,3
I  BRESCIA01,UK GLASGOW02,1
I  BRESCIA01,UK LOUGHBO01,3
I  CAGLIAR01,A  GRAZ02,1
I  CAGLIAR01,A  INNSBRU01,1
I  CAGLIAR01,A  WIEN02,1
I  CAGLIAR01,CZ PRAHA10,3
I  CAGLIAR01,D  BREMEN01,1
I  CAGLIAR01,D  FRANKFU01,1
I  CAGLIAR01,E  MADRID04,1
I  CAGLIAR01,E  MADRID05,4
I  CAGLIAR01,E  MURCIA01,1
I  CAGLIAR01,E  OVIEDO01,1
I  CAGLIAR01,E  PAMPLON01,1
I  CAGLIAR01,E  SEVILLA01,1
I  CAGLIAR01,E  VALLADO01,2
I  CAGLIAR01,E  ZARAGOZ01,1
I  CAGLIAR01,HU DEBRECE01,2
I  CAGLIAR01,NL DELFT01,1
I  CAGLIAR01,P  COIMBRA01,2
I  CAGLIAR01,P  PORTO02,1
I  CAGLIAR01,PL KRAKOW02,2
I  CAGLIAR01,PL WROCLAW02,2
I  CAGLIAR01,UK CARDIFF01,1
I  CAGLIAR01,UK GLASGOW01,2
I  CATANIA01,D  HANNOVE01,1
I  CATANIA01,E  MADRID05,1
I  CATANIA01,E  SEVILLA01,1
I  CATANIA01,E  VALLADO01,1
I  CATANIA01,F  NANTES01,1
I  CATANIA01,P  PORTO02,1
I  CATANIA01,TR ISTANBU04,2
I  CATANIA01,TR ISTANBU07,3
I  CHIETI01,E  SEVILLA01,4
I  CHIETI01,E  ZARAGOZ01,5
I  CHIETI01,HR ZAGREB01,3
I  CHIETI01,SI LJUBLJA01,2
I  CHIETI01,TR IZMIR01,4
I  COSENZA01,B  LEUVEN01,3
I  COSENZA01,D  ERLANGE01,1
I  COSENZA01,D  HANNOVE01,4
I  COSENZA01,E  BARCELO02,5
I  COSENZA01,E  BARCELO03,2
I  COSENZA01,E  LA-CORU01,2
I  COSENZA01,E  MADRID04,1
I  COSENZA01,E  SEVILLA01,3
I  COSENZA01,E  VALENCI01,1
I  COSENZA01,E  ZARAGOZ01,3
I  COSENZA01,IRLCORK01,1
I  COSENZA01,S  LINKOPI01,1
I  COSENZA01,TR ISTANBU04,1
I  FERRARA01,A  WIEN02,2
I  FERRARA01,B  LEUVEN01,2
I  FERRARA01,D  DRESDEN02,1
I  FERRARA01,D  MUNCHEN02,5
I  FERRARA01,DK LYNGBY01,2
I  FERRARA01,E  BARCELO03,2
I  FERRARA01,E  GRANADA01,2
I  FERRARA01,E  MADRID05,2
I  FERRARA01,E  SEVILLA01,4
I  FERRARA01,E  ZARAGOZ01,1
I  FERRARA01,NL DELFT01,1
I  FERRARA01,P  BRAGA01,1
I  FERRARA01,S  STOCKHO04,1
I  FERRARA01,TR ISTANBU04,3
I  FERRARA01,UK CRANFIE01,5
I  GENOVA01,A  WIEN02,1
I  GENOVA01,B  BRUSSEL01,3
I  GENOVA01,D  BERLIN02,2
I  GENOVA01,D  DORTMUN01,1
I  GENOVA01,E  BARCELO01,1
I  GENOVA01,E  BARCELO03,2
I  GENOVA01,E  GRANADA01,2
I  GENOVA01,E  LA-CORU01,3
I  GENOVA01,E  MADRID05,3
I  GENOVA01,E  MALAGA01,1
I  GENOVA01,E  PAMPLON01,1
I  GENOVA01,E  ZARAGOZ01,1
I  GENOVA01,F  PARIS006,5
I  GENOVA01,HR ZAGREB01,1
I  GENOVA01,IRLCORK01,6
I  GENOVA01,NL EINDHOV17,4
I  GENOVA01,P  AVEIRO01,1
I  GENOVA01,P  LISBOA02,1
I  GENOVA01,SF TAMPERE02,3
I  GENOVA01,TR ISTANBU04,2
I  GENOVA01,UK CRANFIE01,4
I  GENOVA01,UK EDINBUR01,1
I  L-AQUIL01,D  DRESDEN02,1
I  L-AQUIL01,E  ALCAL-H01,2
I  L-AQUIL01,E  BARCELO01,1
I  L-AQUIL01,E  BARCELO03,2
I  L-AQUIL01,E  SEVILLA01,3
I  L-AQUIL01,E  VALENCI02,4
I  L-AQUIL01,E  ZARAGOZ01,2
I  L-AQUIL01,NL AMSTERD02,2
I  L-AQUIL01,NL EINDHOV17,2
I  L-AQUIL01,PL GDANSK02,1
I  L-AQUIL01,S  STOCKHO04,1
I  LECCE01,E  SALAMAN02,2
I  MILANO01,CH ZURICH07,1
I  MILANO01,D  AACHEN01,1
I  MILANO02,A  GRAZ02,1
I  MILANO02,A  INNSBRU01,1
I  MILANO02,A  WIEN02,5
I  MILANO02,A  WIEN03,1
I  MILANO02,B  GENT01,5
I  MILANO02,B  LEUVEN01,7
I  MILANO02,CH LAUSANN06,4
I  MILANO02,CH ZURICH07,5
I  MILANO02,CZ PRAHA10,5
I  MILANO02,D  AACHEN01,2
I  MILANO02,D  BERLIN02,5
I  MILANO02,D  DARMSTA01,3
I  MILANO02,D  DRESDEN02,1
I  MILANO02,D  ERLANGE01,1
I  MILANO02,D  HANNOVE01,4
I  MILANO02,D  KAISERS01,1
I  MILANO02,D  KARLSRU01,1
I  MILANO02,D  MAGDEBU01,1
I  MILANO02,D  MUNCHEN02,10
I  MILANO02,D  STUTTGA01,6
I  MILANO02,DK ALBORG01,3
I  MILANO02,DK ARHUS01,2
I  MILANO02,DK LYNGBY01,5
I  MILANO02,E  ALCAL-H01,1
I  MILANO02,E  BARCELO01,2
I  MILANO02,E  BARCELO02,1
I  MILANO02,E  BARCELO03,33
I  MILANO02,E  BILBAO01,3
I  MILANO02,E  GRANADA01,7
I  MILANO02,E  LA-CORU01,1
I  MILANO02,E  MADRID04,2
I  MILANO02,E  MADRID05,20
I  MILANO02,E  MADRID14,1
I  MILANO02,E  MALAGA01,9
I  MILANO02,E  PAMPLON01,3
I  MILANO02,E  SEVILLA01,20
I  MILANO02,E  TENERIF01,2
I  MILANO02,E  VALENCI02,32
I  MILANO02,E  VALLADO01,8
I  MILANO02,E  ZARAGOZ01,3
I  MILANO02,F  LILLE01,1
I  MILANO02,F  PARIS006,2
I  MILANO02,F  PARIS012,1
I  MILANO02,HU BUDAPES02,2
I  MILANO02,IRLCORK01,1
I  MILANO02,IRLGALWAY01,1
I  MILANO02,IS REYKJAV01,1
I  MILANO02,N  OSLO01,1
I  MILANO02,NL AMSTERD01,1
I  MILANO02,NL DELFT01,9
I  MILANO02,NL EINDHOV17,7
I  MILANO02,NL ENSCHED01,1
I  MILANO02,NL UTRECHT01,1
I  MILANO02,NL WAGENIN01,2
I  MILANO02,P  COIMBRA01,8
I  MILANO02,P  PORTO02,13
I  MILANO02,PL KRAKOW02,2
I  MILANO02,PL WROCLAW02,3
I  MILANO02,S  GOTEBOR02,11
I  MILANO02,S  LINKOPI01,2
I  MILANO02,S  LUND01,5
I  MILANO02,S  STOCKHO04,14
I  MILANO02,S  UPPSALA01,1
I  MILANO02,SF ESPOO12,2
I  MILANO02,SF OULU01,2
I  MILANO02,SF TAMPERE02,4
I  MILANO02,TR ISTANBU04,4
I  MILANO02,UK CRANFIE01,4
I  MILANO02,UK GLASGOW01,2
I  MILANO02,UK LONDON029,4
I  MILANO02,UK SOUTHAM01,2
I  MODENA01,D  AACHEN01,1
I  MODENA01,D  STUTTGA01,1
I  MODENA01,HU BUDAPES02,2
I  MODENA01,NL EINDHOV17,1
I  MODENA01,NL GRONING01,1
I  MODENA01,P  AVEIRO01,1
I  MODENA01,S  LINKOPI01,3
I  MODENA01,UK EXETER01,4
I  NAPOLI01,A  WIEN02,1
I  NAPOLI01,B  ANTWERP01,2
I  NAPOLI01,B  LEUVEN01,6
I  NAPOLI01,CZ PRAHA10,2
I  NAPOLI01,D  DRESDEN02,3
I  NAPOLI01,D  KAISERS01,1
I  NAPOLI01,D  MUNCHEN02,1
I  NAPOLI01,DK LYNGBY01,1
I  NAPOLI01,E  ALCAL-H01,1
I  NAPOLI01,E  BARCELO03,6
I  NAPOLI01,E  GRANADA01,3
I  NAPOLI01,E  MADRID05,11
I  NAPOLI01,E  OVIEDO01,3
I  NAPOLI01,E  SEVILLA01,7
I  NAPOLI01,E  TARRAGO01,4
I  NAPOLI01,E  VALENCI02,1
I  NAPOLI01,E  VALLADO01,2
I  NAPOLI01,E  VIGO01,1
I  NAPOLI01,E  ZARAGOZ01,2
I  NAPOLI01,F  MARSEIL84,1
I  NAPOLI01,F  PARIS006,4
I  NAPOLI01,IS REYKJAV01,2
I  NAPOLI01,NL DELFT01,1
I  NAPOLI01,NL EINDHOV17,4
I  NAPOLI01,NL ENSCHED01,1
I  NAPOLI01,NL MAASTRI01,2
I  NAPOLI01,P  AVEIRO01,2
I  NAPOLI01,P  COIMBRA01,4
I  NAPOLI01,P  PORTO02,2
I  NAPOLI01,S  LUND01,1
I  NAPOLI01,S  STOCKHO04,3
I  NAPOLI01,TR ISTANBU04,2
I  NAPOLI01,TR ISTANBU07,2
I  NAPOLI01,UK CARDIFF01,1
I  NAPOLI01,UK GLASGOW01,1
I  NAPOLI01,UK GUILDFO01,1
I  NAPOLI01,UK LONDON029,2
I  NAPOLI01,UK LOUGHBO01,3
I  NAPOLI01,UK SOUTHAM01,2
I  NAPOLI09,D  MUNCHEN02,2
I  NAPOLI09,E  BARCELO03,1
I  NAPOLI09,E  MADRID05,2
I  NAPOLI09,E  MALAGA01,2
I  NAPOLI09,HU BUDAPES02,1
I  NAPOLI09,NL EINDHOV17,1
I  NAPOLI09,P  LISBOA02,1
I  NAPOLI09,TR ISTANBU07,5
I  PADOVA01,A  GRAZ02,1
I  PADOVA01,A  WIEN03,2
I  PADOVA01,B  GENT01,1
I  PADOVA01,CH LAUSANN06,3
I  PADOVA01,CH ZURICH07,1
I  PADOVA01,CZ PRAHA10,4
I  PADOVA01,D  AACHEN01,7
I  PADOVA01,D  BERLIN02,1
I  PADOVA01,D  DRESDEN02,3
I  PADOVA01,D  ERLANGE01,1
I  PADOVA01,D  ESSEN04,2
I  PADOVA01,D  GIESSEN01,1
I  PADOVA01,D  HANNOVE01,2
I  PADOVA01,D  MUNCHEN02,3
I  PADOVA01,D  ROSTOCK01,1
I  PADOVA01,D  STUTTGA01,1
I  PADOVA01,DK ALBORG01,2
I  PADOVA01,DK ARHUS01,1
I  PADOVA01,DK LYNGBY01,15
I  PADOVA01,E  ALCAL-H01,3
I  PADOVA01,E  BADAJOZ01,2
I  PADOVA01,E  BARCELO01,1
I  PADOVA01,E  BARCELO03,9
I  PADOVA01,E  LA-CORU01,1
I  PADOVA01,E  MADRID03,1
I  PADOVA01,E  MADRID05,3
I  PADOVA01,E  OVIEDO01,3
I  PADOVA01,E  SEVILLA01,4
I  PADOVA01,E  VALENCI01,1
I  PADOVA01,E  VALENCI02,1
I  PADOVA01,HU DEBRECE01,3
I  PADOVA01,IRLCORK01,3
I  PADOVA01,IRLDUBLIN02,1
I  PADOVA01,NL WAGENIN01,2
I  PADOVA01,P  AVEIRO01,1
I  PADOVA01,P  BRAGA01,4
I  PADOVA01,P  PORTO02,3
I  PADOVA01,PL GDANSK02,1
I  PADOVA01,PL GLIWICE01,1
I  PADOVA01,S  STOCKHO04,2
I  PADOVA01,SF ESPOO12,4
I  PADOVA01,UK ABERDEE01,2
I  PADOVA01,UK CAMBRID01,2
I  PADOVA01,UK CARDIFF01,2
I  PADOVA01,UK CRANFIE01,3
I  PADOVA01,UK GLASGOW01,1
I  PADOVA01,UK GUILDFO01,3
I  PADOVA01,UK LONDON015,1
I  PADOVA01,UK SOUTHAM01,1
I  PALERMO01,D  AACHEN01,2
I  PALERMO01,D  ERLANGE01,1
I  PALERMO01,E  BARCELO03,2
I  PALERMO01,E  CIUDA-R01,1
I  PALERMO01,E  GIRONA02,1
I  PALERMO01,E  LA-CORU01,10
I  PALERMO01,E  MADRID05,3
I  PALERMO01,E  PAMPLON01,3
I  PALERMO01,E  SEVILLA01,2
I  PALERMO01,E  VALENCI02,3
I  PALERMO01,E  VALLADO01,8
I  PALERMO01,E  ZARAGOZ01,4
I  PALERMO01,F  PARIS012,1
I  PALERMO01,P  COIMBRA01,4
I  PALERMO01,P  PORTO02,1
I  PALERMO01,PL LODZ02,3
I  PALERMO01,PL WROCLAW02,3
I  PALERMO01,S  GOTEBOR02,1
I  PALERMO01,S  LINKOPI01,2
I  PALERMO01,S  LUND01,1
I  PALERMO01,TR ISTANBU05,7
I  PALERMO01,UK LOUGHBO01,2
I  PARMA01,A  WIEN03,1
I  PARMA01,B  GENT01,1
I  PARMA01,B  LEUVEN01,2
I  PARMA01,D  KARLSRU01,1
I  PARMA01,D  STUTTGA01,2
I  PARMA01,E  BADAJOZ01,6
I  PARMA01,E  GRANADA01,2
I  PARMA01,E  MADRID03,2
I  PARMA01,E  VALENCI02,11
I  PARMA01,NL ENSCHED01,1
I  PARMA01,NL WAGENIN01,2
I  PARMA01,P  PORTO02,1
I  PARMA01,S  GOTEBOR02,1
I  PARMA01,S  LUND01,1
I  PAVIA01,B  GENT01,2
I  PAVIA01,DK ARHUS01,1
I  PAVIA01,E  ALCAL-H01,1
I  PAVIA01,E  BARCELO03,1
I  PAVIA01,E  GIRONA02,1
I  PAVIA01,E  LA-CORU01,2
I  PAVIA01,E  SEVILLA01,5
I  PAVIA01,HU BUDAPES02,1
I  PAVIA01,NL EINDHOV17,1
I  PAVIA01,P  AVEIRO01,4
I  PAVIA01,UK GLASGOW01,1
I  PAVIA01,UK SOUTHAM01,1
I  PERUGIA01,D  AACHEN01,1
I  PERUGIA01,D  BERLIN02,1
I  PERUGIA01,E  VALENCI02,1
I  PERUGIA01,SF OULU01,2
I  PERUGIA01,TR ISTANBU07,1
I  PERUGIA01,UK COVENTR01,2
I  PERUGIA01,UK CRANFIE01,1
I  PERUGIA01,UK SOUTHAM01,2
I  PISA01,D  BERLIN02,1
I  PISA01,D  ERLANGE01,1
I  PISA01,D  HANNOVE01,2
I  PISA01,D  KIEL01,1
I  PISA01,E  BARCELO02,1
I  PISA01,E  BARCELO03,2
I  PISA01,E  GRANADA01,1
I  PISA01,E  MADRID05,2
I  PISA01,E  MADRID14,2
I  PISA01,E  SEVILLA01,1
I  PISA01,E  VALENCI02,2
I  PISA01,P  PORTO02,2
I  PISA01,UK CRANFIE01,3
I  PISA01,UK LONDON029,3
I  PISA01,UK LONDON031,2
I  ROMA01,A  WIEN02,5
I  ROMA01,B  BRUSSEL01,2
I  ROMA01,B  LEUVEN01,1
I  ROMA01,CH LAUSANN06,1
I  ROMA01,D  AACHEN01,4
I  ROMA01,D  BERLIN02,3
I  ROMA01,D  DARMSTA01,1
I  ROMA01,D  DRESDEN02,1
I  ROMA01,D  FREIBUR01,1
I  ROMA01,D  HANNOVE01,2
I  ROMA01,D  MUNCHEN02,8
I  ROMA01,D  STUTTGA01,2
I  ROMA01,DK ALBORG01,1
I  ROMA01,DK LYNGBY01,2
I  ROMA01,E  BARCELO03,12
I  ROMA01,E  BILBAO01,1
I  ROMA01,E  GIRONA02,2
I  ROMA01,E  GRANADA01,2
I  ROMA01,E  LA-CORU01,4
I  ROMA01,E  MADRID05,3
I  ROMA01,E  MADRID14,1
I  ROMA01,E  MALAGA01,3
I  ROMA01,E  PAMPLON01,1
I  ROMA01,E  SANTAND01,1
I  ROMA01,E  SEVILLA01,14
I  ROMA01,E  VALENCI02,11
I  ROMA01,E  VALLADO01,2
I  ROMA01,E  ZARAGOZ01,1
I  ROMA01,F  PARIS006,1
I  ROMA01,F  PARIS011,1
I  ROMA01,HU BUDAPES02,2
I  ROMA01,IRLDUBLIN04,1
I  ROMA01,IS REYKJAV01,1
I  ROMA01,N  OSLO01,4
I  ROMA01,NL DELFT01,3
I  ROMA01,NL EINDHOV17,3
I  ROMA01,NL GRONING01,2
I  ROMA01,NL MAASTRI01,1
I  ROMA01,P  COIMBRA01,1
I  ROMA01,P  LISBOA02,1
I  ROMA01,P  PORTO02,5
I  ROMA01,S  LINKOPI01,6
I  ROMA01,S  STOCKHO04,4
I  ROMA01,TR ISTANBU04,5
I  ROMA01,UK CARDIFF01,2
I  ROMA01,UK CRANFIE01,1
I  ROMA01,UK NEWCAST01,1
I  ROMA02,B  GENT01,5
I  ROMA02,D  DORTMUN01,3
I  ROMA02,D  FRANKFU01,2
I  ROMA02,D  MUNCHEN02,4
I  ROMA02,DK ODENSE01,1
I  ROMA02,E  ALCAL-H01,3
I  ROMA02,E  BADAJOZ01,3
I  ROMA02,E  BARCELO03,4
I  ROMA02,E  MADRID04,1
I  ROMA02,E  MALAGA01,4
I  ROMA02,E  PAMPLON01,3
I  ROMA02,E  SANTAND01,7
I  ROMA02,E  SEVILLA01,2
I  ROMA02,F  PARIS006,2
I  ROMA02,N  BERGEN01,2
I  ROMA02,NL EINDHOV17,1
I  ROMA02,S  LINKOPI01,2
I  ROMA02,TR ANKARA04,3
I  ROMA02,UK CANTERB01,2
I  ROMA02,UK GUILDFO01,2
I  ROMA02,UK LONDON015,2
I  ROMA16,B  GENT01,1
I  ROMA16,CH LAUSANN06,1
I  ROMA16,D  DARMSTA01,1
I  ROMA16,D  HANNOVE01,1
I  ROMA16,D  KARLSRU01,1
I  ROMA16,D  MUNCHEN02,3
I  ROMA16,D  STUTTGA01,1
I  ROMA16,E  BARCELO03,4
I  ROMA16,E  GRANADA01,4
I  ROMA16,E  MADRID05,4
I  ROMA16,E  MADRID14,1
I  ROMA16,E  VALENCI01,1
I  ROMA16,E  VALENCI02,6
I  ROMA16,IRLCORK01,1
I  ROMA16,N  BERGEN01,3
I  ROMA16,NL EINDHOV17,2
I  ROMA16,P  BRAGA01,1
I  ROMA16,P  COIMBRA01,1
I  ROMA16,P  PORTO02,1
I  ROMA16,S  GOTEBOR02,1
I  ROMA16,SF TAMPERE02,5
I  ROMA16,UK ABERDEE01,1
I  ROMA16,UK GLASGOW02,3
I  SALERNO01,A  WIEN02,1
I  SALERNO01,D  KAISERS01,2
I  SALERNO01,D  MUNCHEN02,1
I  SALERNO01,D  STUTTGA02,1
I  SALERNO01,E  MADRID05,4
I  SALERNO01,E  VALENCI02,1
I  SALERNO01,E  VALLADO01,2
I  SALERNO01,F  LYON01,2
I  SALERNO01,IRLDUBLIN01,1
I  SALERNO01,NL GRONING01,2
I  SALERNO01,P  BRAGA01,1
I  SALERNO01,S  GOTEBOR02,3
I  SALERNO01,S  LINKOPI01,1
I  SALERNO01,S  STOCKHO04,1
I  SALERNO01,SF TAMPERE02,1
I  SALERNO01,UK BELFAST01,1
I  SALERNO01,UK LONDON029,1
I  SASSARI01,D  STUTTGA01,2
I  SASSARI01,E  BARCELO02,1
I  SASSARI01,E  GIRONA02,8
I  SASSARI01,E  MADRID05,2
I  SASSARI01,E  SEVILLA01,2
I  SASSARI01,PL GDANSK02,2
I  SASSARI01,TR ISTANBU04,3
I  SIENA01,DK LYNGBY01,3
I  SIENA01,E  BARCELO03,2
I  SIENA01,NL NIJMEGE01,4
I  SIENA01,UK GLASGOW01,1
I  TORINO01,E  MADRID05,1
I  TORINO01,E  VALLADO01,1
I  TORINO02,A  WIEN02,3
I  TORINO02,B  LEUVEN01,5
I  TORINO02,CH LAUSANN06,9
I  TORINO02,CZ PRAHA10,1
I  TORINO02,D  AACHEN01,5
I  TORINO02,D  BERLIN02,4
I  TORINO02,D  DARMSTA01,3
I  TORINO02,D  DORTMUN01,1
I  TORINO02,D  HANNOVE01,1
I  TORINO02,D  KAISERS01,1
I  TORINO02,D  KARLSRU01,3
I  TORINO02,D  MUNCHEN02,7
I  TORINO02,D  STUTTGA01,5
I  TORINO02,DK LYNGBY01,2
I  TORINO02,E  BARCELO01,3
I  TORINO02,E  BARCELO03,28
I  TORINO02,E  BARCELO15,4
I  TORINO02,E  BILBAO01,2
I  TORINO02,E  GRANADA01,6
I  TORINO02,E  LA-CORU01,8
I  TORINO02,E  MADRID05,11
I  TORINO02,E  MADRID14,3
I  TORINO02,E  MALAGA01,3
I  TORINO02,E  SEVILLA01,1
I  TORINO02,E  TARRAGO01,4
I  TORINO02,E  VALENCI02,8
I  TORINO02,E  ZARAGOZ01,1
I  TORINO02,F  BESANCO01,2
I  TORINO02,F  PARIS006,4
I  TORINO02,F  PARIS007,5
I  TORINO02,F  PARIS011,5
I  TORINO02,HU BUDAPES02,1
I  TORINO02,IRLCORK01,4
I  TORINO02,IRLDUBLIN04,1
I  TORINO02,NL DELFT01,3
I  TORINO02,NL EINDHOV17,10
I  TORINO02,NL GRONING01,2
I  TORINO02,P  COIMBRA01,2
I  TORINO02,P  PORTO02,1
I  TORINO02,PL WROCLAW02,1
I  TORINO02,S  GOTEBOR02,7
I  TORINO02,S  STOCKHO04,19
I  TORINO02,SF ESPOO12,5
I  TORINO02,SF TAMPERE02,1
I  TORINO02,TR ANKARA04,2
I  TORINO02,TR ISTANBU04,8
I  TORINO02,UK CRANFIE01,3
I  TORINO02,UK GLASGOW01,2
I  TORINO02,UK GLASGOW02,1
I  TORINO02,UK LONDON015,1
I  TORINO02,UK NEWCAST01,1
I  TORINO02,UK PLYMOUT01,1
I  TORINO02,UK SHEFFIE01,1
I  TRENTO01,A  WIEN02,1
I  TRENTO01,D  DRESDEN02,1
I  TRENTO01,D  KARLSRU01,2
I  TRENTO01,D  MUNCHEN02,3
I  TRENTO01,D  STUTTGA01,1
I  TRENTO01,E  BARCELO03,1
I  TRENTO01,E  BILBAO01,1
I  TRENTO01,E  GRANADA01,1
I  TRENTO01,E  MADRID05,1
I  TRENTO01,E  OVIEDO01,2
I  TRENTO01,NL NIJMEGE01,1
I  TRENTO01,PL LODZ02,1
I  TRENTO01,S  GOTEBOR02,1
I  TRENTO01,S  LINKOPI01,1
I  TRENTO01,S  LUND01,1
I  TRENTO01,SF ESPOO12,1
I  TRENTO01,SF TAMPERE02,2
I  TRENTO01,UK GLASGOW01,1
I  TRIESTE01,CH LAUSANN06,1
I  TRIESTE01,E  BILBAO01,2
I  TRIESTE01,E  TARRAGO01,2
I  TRIESTE01,E  VALENCI02,1
I  TRIESTE01,F  STRASBO48,1
I  UDINE01,A  WIEN02,2
I  UDINE01,E  BARCELO01,2
I  UDINE01,E  GRANADA01,1
I  UDINE01,E  MALAGA01,1
I  UDINE01,E  VALENCI02,1
I  UDINE01,F  PARIS006,1
I  UDINE01,IRLCORK01,2
I  UDINE01,S  STOCKHO04,2
I  UDINE01,UK UXBRIDG01,1
I  VERONA01,D  BIELEFE01,1
I  VERONA01,D  MUNCHEN02,1
IRLCORK01,D  MUNCHEN02,1
IRLDUBLIN02,A  WIEN02,3
IRLDUBLIN02,CH LAUSANN06,2
IRLDUBLIN02,D  MUNCHEN02,2
IRLDUBLIN02,D  STUTTGA01,1
IRLDUBLIN02,E  BARCELO03,2
IRLDUBLIN02,E  MADRID05,1
IRLDUBLIN02,E  VALENCI02,1
IRLDUBLIN02,I  TORINO02,1
IRLDUBLIN02,NL DELFT01,1
IRLDUBLIN02,S  LUND01,3
IRLDUBLIN02,S  STOCKHO04,2
IRLDUBLIN02,SF OULU01,1
IRLLIMERIC01,S  STOCKHO04,2
IS REYKJAV01,A  WIEN02,1
IS REYKJAV01,D  DARMSTA01,1
IS REYKJAV01,D  KARLSRU01,1
IS REYKJAV01,D  STUTTGA01,1
IS REYKJAV01,DK LYNGBY01,1
IS REYKJAV01,I  MILANO02,1
IS REYKJAV01,S  GOTEBOR02,2
IS REYKJAV01,S  LUND01,1
IS REYKJAV01,S  STOCKHO04,3
NL DELFT01,A  GRAZ02,3
NL DELFT01,B  ANTWERP01,1
NL DELFT01,B  GENT01,2
NL DELFT01,B  LEUVEN01,1
NL DELFT01,CH LAUSANN06,8
NL DELFT01,CH ZURICH07,40
NL DELFT01,CZ PRAHA10,2
NL DELFT01,D  BERLIN02,8
NL DELFT01,D  MUNCHEN02,4
NL DELFT01,DK LYNGBY01,21
NL DELFT01,E  BARCELO02,1
NL DELFT01,E  BARCELO03,6
NL DELFT01,E  BARCELO15,3
NL DELFT01,E  MADRID05,6
NL DELFT01,E  VALENCI02,8
NL DELFT01,F  PARIS006,2
NL DELFT01,HU BUDAPES02,2
NL DELFT01,I  BOLOGNA01,2
NL DELFT01,I  FERRARA01,2
NL DELFT01,I  FIRENZE01,1
NL DELFT01,I  MILANO02,5
NL DELFT01,I  PADOVA01,2
NL DELFT01,I  ROMA01,1
NL DELFT01,I  ROMA16,1
NL DELFT01,IRLDUBLIN01,1
NL DELFT01,IRLDUBLIN02,1
NL DELFT01,IRLLIMERIC01,2
NL DELFT01,P  AVEIRO01,1
NL DELFT01,S  GOTEBOR02,13
NL DELFT01,S  LUND01,10
NL DELFT01,S  STOCKHO04,26
NL DELFT01,SF ESPOO12,9
NL DELFT01,TR ANKARA04,2
NL DELFT01,TR ISTANBU04,6
NL DELFT01,UK BATH01,4
NL DELFT01,UK BELFAST01,1
NL DELFT01,UK GLASGOW01,3
NL DELFT01,UK LONDON015,1
NL DELFT01,UK LONDON029,2
NL DELFT01,UK LOUGHBO01,2
NL EINDHOV17,A  INNSBRU01,1
NL EINDHOV17,B  LEUVEN01,1
NL EINDHOV17,CH LAUSANN06,4
NL EINDHOV17,CH ZURICH07,2
NL EINDHOV17,CZ PRAHA10,3
NL EINDHOV17,D  BERLIN13,1
NL EINDHOV17,D  KARLSRU01,1
NL EINDHOV17,D  MUNCHEN02,5
NL EINDHOV17,DK ALBORG01,2
NL EINDHOV17,DK LYNGBY01,5
NL EINDHOV17,E  BARCELO03,1
NL EINDHOV17,E  BARCELO15,1
NL EINDHOV17,E  MADRID05,1
NL EINDHOV17,E  VALENCI02,11
NL EINDHOV17,I  BOLOGNA01,1
NL EINDHOV17,I  MILANO02,1
NL EINDHOV17,I  ROMA02,1
NL EINDHOV17,P  PORTO02,1
NL EINDHOV17,S  GOTEBOR02,5
NL EINDHOV17,S  LINKOPI01,1
NL EINDHOV17,S  LUND01,3
NL EINDHOV17,S  STOCKHO04,12
NL EINDHOV17,S  UPPSALA01,1
NL EINDHOV17,SF TAMPERE02,1
NL EINDHOV17,TR ISTANBU04,1
NL EINDHOV17,UK BELFAST01,1
NL EINDHOV17,UK CAMBRID01,1
NL EINDHOV17,UK GUILDFO01,1
NL EINDHOV17,UK LONDON017,1
NL EINDHOV17,UK LOUGHBO01,1
NL ENSCHED01,CZ PRAHA07,1
NL ENSCHED01,CZ PRAHA10,1
NL ENSCHED01,D  MUNCHEN02,5
NL ENSCHED01,HU BUDAPES02,1
NL ENSCHED01,I  GENOVA01,1
NL ENSCHED01,S  GOTEBOR02,2
NL ENSCHED01,S  LINKOPI01,3
NL ENSCHED01,S  LUND01,2
NL ENSCHED01,S  STOCKHO04,4
NL ENSCHED01,UK CARDIFF01,2
NL GRONING01,CZ PRAHA10,1
NL GRONING01,E  BARCELO03,6
NL GRONING01,S  STOCKHO04,2
NL NIJMEGE01,IRLDUBLIN02,2
NL NIJMEGE01,UK BELFAST01,1
NL NIJMEGE01,UK CARDIFF01,2
NL ROTTERD01,E  BARCELO03,1
NL UTRECHT01,UK LEICEST01,1
NL UTRECHT01,UK NEWCAST01,1
NL WAGENIN01,D  MUNCHEN02,1
NL WAGENIN01,DK KOBENHA01,3
NL WAGENIN01,I  MILANO02,1
NL WAGENIN01,IRLCORK01,1
NL WAGENIN01,S  UPPSALA02,2
NL WAGENIN01,SF OULU01,1
NL WAGENIN01,TR ISTANBU04,2
NL WAGENIN01,UK SHEFFIE01,2
P  AVEIRO01,D  DORTMUN01,3
P  AVEIRO01,DK LYNGBY01,1
P  AVEIRO01,E  BARCELO03,1
P  AVEIRO01,E  TARRAGO01,2
P  AVEIRO01,E  ZARAGOZ01,2
P  AVEIRO01,HR ZAGREB01,2
P  AVEIRO01,I  BOLOGNA01,2
P  AVEIRO01,I  NAPOLI01,1
P  AVEIRO01,NL EINDHOV17,1
P  AVEIRO01,NL WAGENIN01,1
P  AVEIRO01,PL GLIWICE01,1
P  AVEIRO01,PL KRAKOW02,2
P  AVEIRO01,PL LODZ02,10
P  AVEIRO01,PL POZNAN01,1
P  AVEIRO01,PL WROCLAW02,5
P  AVEIRO01,S  STOCKHO04,2
P  AVEIRO01,SF TAMPERE02,2
P  AVEIRO01,UK YORK01,3
P  BRAGA01,B  GENT01,2
P  BRAGA01,B  LEUVEN01,2
P  BRAGA01,CZ PRAHA10,4
P  BRAGA01,D  DRESDEN02,1
P  BRAGA01,D  KAISERS01,1
P  BRAGA01,D  WURZBUR01,2
P  BRAGA01,DK ARHUS01,2
P  BRAGA01,DK LYNGBY01,5
P  BRAGA01,E  BARCELO02,2
P  BRAGA01,E  VALENCI02,1
P  BRAGA01,HU BUDAPES02,4
P  BRAGA01,I  BOLOGNA01,2
P  BRAGA01,I  FERRARA01,3
P  BRAGA01,I  GENOVA01,2
P  BRAGA01,I  MILANO01,1
P  BRAGA01,I  MILANO02,5
P  BRAGA01,I  NAPOLI01,1
P  BRAGA01,I  ROMA16,2
P  BRAGA01,I  SALERNO01,6
P  BRAGA01,NL DELFT01,1
P  BRAGA01,NL EINDHOV17,2
P  BRAGA01,PL GLIWICE01,2
P  BRAGA01,PL WROCLAW02,2
P  BRAGA01,S  GOTEBOR02,1
P  BRAGA01,SI LJUBLJA01,2
P  BRAGA01,TR ISTANBU04,2
P  BRAGA01,UK CRANFIE01,4
P  BRAGA01,UK LOUGHBO01,2
P  COIMBRA01,B  LEUVEN01,3
P  COIMBRA01,CH LAUSANN06,1
P  COIMBRA01,CZ PRAHA10,4
P  COIMBRA01,E  BARCELO03,1
P  COIMBRA01,HU BUDAPES02,2
P  COIMBRA01,I  BOLOGNA01,2
P  COIMBRA01,I  MILANO02,9
P  COIMBRA01,I  ROMA01,2
P  COIMBRA01,I  ROMA16,3
P  COIMBRA01,I  TORINO02,3
P  COIMBRA01,NL DELFT01,1
P  COIMBRA01,NL EINDHOV17,1
P  COIMBRA01,NL GRONING01,2
P  COIMBRA01,PL LODZ02,3
P  COIMBRA01,PL WROCLAW02,1
P  COIMBRA01,S  LINKOPI01,1
P  COIMBRA01,SI LJUBLJA01,2
P  COIMBRA01,UK LEEDS01,2
P  PORTO02,A  GRAZ02,1
P  PORTO02,A  WIEN02,2
P  PORTO02,B  GENT01,5
P  PORTO02,B  LEUVEN01,1
P  PORTO02,CH LAUSANN06,2
P  PORTO02,CZ PRAHA10,3
P  PORTO02,D  AACHEN01,2
P  PORTO02,D  BERLIN02,4
P  PORTO02,D  DARMSTA01,2
P  PORTO02,D  KAISERS01,2
P  PORTO02,D  KARLSRU01,2
P  PORTO02,D  MUNCHEN02,5
P  PORTO02,D  STUTTGA01,2
P  PORTO02,DK LYNGBY01,1
P  PORTO02,E  BARCELO03,16
P  PORTO02,E  MADRID05,1
P  PORTO02,E  VALENCI01,3
P  PORTO02,E  VALENCI02,1
P  PORTO02,E  ZARAGOZ01,2
P  PORTO02,F  PARIS006,1
P  PORTO02,F  TOURS01,2
P  PORTO02,HR ZAGREB01,2
P  PORTO02,HU BUDAPES02,1
P  PORTO02,I  FERRARA01,2
P  PORTO02,I  FIRENZE01,3
P  PORTO02,I  MILANO02,5
P  PORTO02,I  NAPOLI01,1
P  PORTO02,I  PADOVA01,3
P  PORTO02,I  PALERMO01,2
P  PORTO02,I  ROMA01,11
P  PORTO02,I  ROMA16,3
P  PORTO02,NL DELFT01,3
P  PORTO02,NL EINDHOV17,5
P  PORTO02,PL GDANSK02,1
P  PORTO02,PL WROCLAW02,3
P  PORTO02,S  GOTEBOR02,4
P  PORTO02,S  LINKOPI01,1
P  PORTO02,S  LUND01,3
P  PORTO02,S  STOCKHO04,1
P  PORTO02,SF ESPOO12,2
P  PORTO02,SF OULU01,5
P  PORTO02,SF TAMPERE02,3
PL GDANSK02,A  WIEN02,1
PL GDANSK02,CZ PRAHA10,1
PL GDANSK02,D  BERLIN02,2
PL GDANSK02,D  BREMEN01,1
PL GDANSK02,D  DRESDEN02,2
PL GDANSK02,D  KARLSRU01,10
PL GDANSK02,D  MUNCHEN02,1
PL GDANSK02,D  STUTTGA01,2
PL GDANSK02,E  ALCAL-H01,1
PL GDANSK02,E  BARCELO03,1
PL GDANSK02,E  GRANADA01,1
PL GDANSK02,E  MADRID05,3
PL GDANSK02,E  VALENCI02,6
PL GDANSK02,I  BOLOGNA01,2
PL GDANSK02,I  GENOVA01,2
PL GDANSK02,I  MILANO02,1
PL GDANSK02,I  ROMA01,2
PL GDANSK02,IRLDUBLIN02,2
PL GDANSK02,P  PORTO02,2
PL GDANSK02,S  GOTEBOR02,4
PL GDANSK02,SF TAMPERE02,1
PL GDANSK02,SI LJUBLJA01,2
PL GDANSK02,TR ISTANBU07,2
PL GDANSK02,UK CRANFIE01,14
PL GDANSK02,UK GLASGOW02,1
PL GLIWICE01,B  BRUSSEL01,3
PL GLIWICE01,CZ PRAHA10,2
PL GLIWICE01,D  DRESDEN02,3
PL GLIWICE01,DK LYNGBY01,2
PL GLIWICE01,E  CASTELL01,3
PL GLIWICE01,E  MADRID05,1
PL GLIWICE01,E  OVIEDO01,3
PL GLIWICE01,E  VALENCI02,3
PL GLIWICE01,E  VIGO01,5
PL GLIWICE01,HR ZAGREB01,1
PL GLIWICE01,HU DEBRECE01,6
PL GLIWICE01,I  BOLOGNA01,2
PL GLIWICE01,I  GENOVA01,1
PL GLIWICE01,P  COIMBRA01,5
PL GLIWICE01,P  PORTO02,1
PL GLIWICE01,TR ANKARA04,1
PL GLIWICE01,UK CRANFIE01,12
PL KRAKOW01,NL UTRECHT01,1
PL KRAKOW02,A  WIEN02,2
PL KRAKOW02,B  GENT01,1
PL KRAKOW02,D  AACHEN01,2
PL KRAKOW02,D  BERLIN02,2
PL KRAKOW02,D  BOCHUM01,3
PL KRAKOW02,D  DRESDEN02,1
PL KRAKOW02,D  LEIPZIG01,2
PL KRAKOW02,D  MUNCHEN02,1
PL KRAKOW02,D  STUTTGA01,1
PL KRAKOW02,DK LYNGBY01,1
PL KRAKOW02,E  BARCELO03,1
PL KRAKOW02,E  OVIEDO01,2
PL KRAKOW02,E  PALMA01,1
PL KRAKOW02,E  VIGO01,1
PL KRAKOW02,F  LYON01,1
PL KRAKOW02,I  CAGLIAR01,1
PL KRAKOW02,I  GENOVA01,1
PL KRAKOW02,I  TORINO02,3
PL KRAKOW02,IS REYKJAV01,2
PL KRAKOW02,N  OSLO01,1
PL KRAKOW02,P  AVEIRO01,3
PL KRAKOW02,P  LISBOA02,1
PL KRAKOW02,P  PORTO02,1
PL KRAKOW02,S  STOCKHO04,5
PL KRAKOW02,S  UPPSALA01,1
PL KRAKOW02,SF TAMPERE02,1
PL KRAKOW02,UK CRANFIE01,5
PL LODZ02,A  WIEN02,4
PL LODZ02,B  ANTWERP01,3
PL LODZ02,B  GENT01,1
PL LODZ02,D  AACHEN01,1
PL LODZ02,D  KARLSRU01,1
PL LODZ02,DK LYNGBY01,4
PL LODZ02,E  BARCELO03,1
PL LODZ02,E  VALENCI02,1
PL LODZ02,F  LILLE01,3
PL LODZ02,F  NANCY43,1
PL LODZ02,HU BUDAPES02,4
PL LODZ02,I  BOLOGNA01,1
PL LODZ02,I  FIRENZE01,1
PL LODZ02,I  MILANO02,2
PL LODZ02,I  PADOVA01,2
PL LODZ02,I  PAVIA01,2
PL LODZ02,I  PERUGIA01,1
PL LODZ02,I  ROMA16,2
PL LODZ02,I  TORINO02,1
PL LODZ02,IS REYKJAV01,1
PL LODZ02,P  AVEIRO01,7
PL LODZ02,P  COIMBRA01,3
PL LODZ02,P  LISBOA02,1
PL LODZ02,S  LUND01,2
PL LODZ02,SF TAMPERE02,1
PL LODZ02,TR ANKARA02,1
PL POZNAN01,E  MADRID05,1
PL WROCLAW02,CZ PRAHA10,2
PL WROCLAW02,D  AACHEN01,6
PL WROCLAW02,D  BERLIN02,2
PL WROCLAW02,D  DORTMUN01,2
PL WROCLAW02,D  DRESDEN02,8
PL WROCLAW02,D  KAISERS01,2
PL WROCLAW02,D  KARLSRU01,3
PL WROCLAW02,D  MAGDEBU01,11
PL WROCLAW02,D  MUNCHEN02,7
PL WROCLAW02,E  BARCELO03,2
PL WROCLAW02,E  GRANADA01,1
PL WROCLAW02,E  MALAGA01,3
PL WROCLAW02,E  TENERIF01,3
PL WROCLAW02,E  VALENCI02,8
PL WROCLAW02,E  ZARAGOZ01,2
PL WROCLAW02,F  LILLE01,2
PL WROCLAW02,F  PARIS012,1
PL WROCLAW02,F  STRASBO48,2
PL WROCLAW02,I  CAGLIAR01,2
PL WROCLAW02,I  FIRENZE01,1
PL WROCLAW02,I  MILANO02,6
PL WROCLAW02,I  TORINO02,8
PL WROCLAW02,IRLGALWAY01,1
PL WROCLAW02,NL DELFT01,8
PL WROCLAW02,P  AVEIRO01,1
PL WROCLAW02,P  BRAGA01,1
PL WROCLAW02,P  PORTO02,3
PL WROCLAW02,S  UMEA01,1
PL WROCLAW02,SF OULU01,1
PL WROCLAW02,TR ISTANBU07,4
PL WROCLAW02,TR KONYA01,2
PL WROCLAW02,UK CRANFIE01,2
PL WROCLAW02,UK LEEDS01,1
RO CLUJNAP01,HU BUDAPES01,2
RO CLUJNAP01,HU BUDAPES02,1
S  GOTEBOR02,A  WIEN02,5
S  GOTEBOR02,CH LAUSANN06,8
S  GOTEBOR02,CH ZURICH07,3
S  GOTEBOR02,CZ PRAHA10,1
S  GOTEBOR02,D  AACHEN01,2
S  GOTEBOR02,D  BERLIN02,1
S  GOTEBOR02,D  DRESDEN02,2
S  GOTEBOR02,D  MAGDEBU01,1
S  GOTEBOR02,D  MUNCHEN02,8
S  GOTEBOR02,D  STUTTGA01,5
S  GOTEBOR02,E  BARCELO03,2
S  GOTEBOR02,E  MADRID05,1
S  GOTEBOR02,E  VALENCI02,3
S  GOTEBOR02,I  ROMA16,1
S  GOTEBOR02,I  TORINO01,1
S  GOTEBOR02,NL DELFT01,2
S  GOTEBOR02,UK ABERDEE01,1
S  GOTEBOR02,UK BELFAST01,2
S  GOTEBOR02,UK BRISTOL01,2
S  GOTEBOR02,UK CRANFIE01,1
S  GOTEBOR02,UK GLASGOW02,1
S  GOTEBOR02,UK LOUGHBO01,2
S  GOTEBOR02,UK NEWCAST01,2
S  LINKOPI01,A  GRAZ02,2
S  LINKOPI01,B  BRUSSEL01,1
S  LINKOPI01,CH LAUSANN06,1
S  LINKOPI01,CH ZURICH07,1
S  LINKOPI01,CZ PRAHA10,3
S  LINKOPI01,D  AACHEN01,1
S  LINKOPI01,D  BERLIN02,4
S  LINKOPI01,D  DRESDEN02,1
S  LINKOPI01,D  MUNCHEN02,4
S  LINKOPI01,D  STUTTGA01,2
S  LINKOPI01,DK LYNGBY01,1
S  LINKOPI01,E  GRANADA01,1
S  LINKOPI01,E  MADRID05,2
S  LINKOPI01,E  PAMPLON01,4
S  LINKOPI01,E  SANTAND01,1
S  LINKOPI01,E  VALENCI02,7
S  LINKOPI01,HU BUDAPES02,1
S  LINKOPI01,I  BOLOGNA01,2
S  LINKOPI01,I  MILANO02,3
S  LINKOPI01,I  TRENTO01,1
S  LINKOPI01,IRLLIMERIC01,1
S  LINKOPI01,NL EINDHOV17,1
S  LINKOPI01,NL ENSCHED01,1
S  LINKOPI01,P  AVEIRO01,1
S  LINKOPI01,UK EDINBUR02,2
S  LINKOPI01,UK GLASGOW01,2
S  LINKOPI01,UK LOUGHBO01,2
S  LINKOPI01,UK SOUTHAM01,1
S  LUND01,A  GRAZ02,2
S  LUND01,A  WIEN01,2
S  LUND01,A  WIEN02,1
S  LUND01,B  GENT01,1
S  LUND01,CH BASEL01,1
S  LUND01,CH LAUSANN06,4
S  LUND01,CH ZURICH07,8
S  LUND01,CZ PRAHA10,1
S  LUND01,D  AACHEN01,1
S  LUND01,D  BERLIN02,1
S  LUND01,D  MUNCHEN02,7
S  LUND01,D  POTSDAM01,1
S  LUND01,D  STUTTGA01,1
S  LUND01,E  BARCELO03,2
S  LUND01,E  MADRID05,2
S  LUND01,E  VALENCI02,3
S  LUND01,I  MILANO02,1
S  LUND01,I  PADOVA01,2
S  LUND01,IRLCORK01,1
S  LUND01,IRLDUBLIN02,1
S  LUND01,IS REYKJAV01,1
S  LUND01,NL DELFT01,5
S  LUND01,NL EINDHOV17,1
S  LUND01,NL GRONING01,2
S  LUND01,NL WAGENIN01,1
S  LUND01,SF ESPOO12,1
S  LUND01,UK BIRMING02,1
S  LUND01,UK EXETER01,1
S  LUND01,UK GLASGOW01,2
S  LUND01,UK LONDON015,1
S  LUND01,UK LONDON029,2
S  LUND01,UK NOTTING01,2
S  STOCKHO01,NL GRONING01,1
S  STOCKHO01,NL UTRECHT01,1
S  STOCKHO01,UK BELFAST01,1
S  STOCKHO04,A  GRAZ02,1
S  STOCKHO04,A  WIEN02,1
S  STOCKHO04,CH LAUSANN06,7
S  STOCKHO04,CH ZURICH07,15
S  STOCKHO04,CZ PRAHA10,3
S  STOCKHO04,D  AACHEN01,1
S  STOCKHO04,D  BERLIN02,6
S  STOCKHO04,D  KARLSRU01,1
S  STOCKHO04,D  MUNCHEN02,7
S  STOCKHO04,DK LYNGBY01,1
S  STOCKHO04,E  BARCELO03,9
S  STOCKHO04,E  MADRID03,2
S  STOCKHO04,E  MADRID05,6
S  STOCKHO04,E  PAMPLON01,1
S  STOCKHO04,E  VALENCI02,10
S  STOCKHO04,F  NICE01,1
S  STOCKHO04,I  FERRARA01,1
S  STOCKHO04,I  MILANO02,4
S  STOCKHO04,I  TORINO02,5
S  STOCKHO04,IS REYKJAV01,3
S  STOCKHO04,NL AMSTERD01,3
S  STOCKHO04,NL DELFT01,15
S  STOCKHO04,NL EINDHOV17,2
S  STOCKHO04,P  PORTO02,1
S  STOCKHO04,SF ESPOO12,1
S  STOCKHO04,TR ISTANBU04,2
S  STOCKHO04,UK ABERDEE01,3
S  STOCKHO04,UK BELFAST01,6
S  STOCKHO04,UK BRISTOL01,1
S  STOCKHO04,UK LONDON015,1
S  STOCKHO04,UK PLYMOUT01,1
S  STOCKHO04,UK SHEFFIE01,1
S  UMEA01,E  BARCELO03,2
S  UMEA01,I  MILANO02,1
S  UPPSALA01,CH LAUSANN06,1
S  UPPSALA01,CH ZURICH07,2
S  UPPSALA01,CZ PRAHA10,2
S  UPPSALA01,E  OVIEDO01,1
S  UPPSALA01,E  VALENCI02,1
S  UPPSALA01,F  MARSEIL84,1
S  UPPSALA01,F  MONTPEL01,1
S  UPPSALA01,F  PARIS006,1
S  UPPSALA01,I  MILANO02,1
S  UPPSALA01,I  TORINO01,1
S  UPPSALA01,IRLCORK01,1
S  UPPSALA01,IRLGALWAY01,1
S  UPPSALA01,UK BIRMING02,2
S  UPPSALA01,UK BRIGHTO01,3
S  UPPSALA01,UK EDINBUR01,2
S  UPPSALA01,UK EXETER01,1
S  UPPSALA01,UK LONDON029,1
S  UPPSALA01,UK MANCHES01,1
S  UPPSALA01,UK NORWICH01,1
S  UPPSALA02,A  WIEN03,1
S  UPPSALA02,D  BERLIN13,1
S  UPPSALA02,D  MUNCHEN02,1
S  UPPSALA02,DK KOBENHA01,4
S  UPPSALA02,NL WAGENIN01,3
S  UPPSALA02,UK SHEFFIE01,3
SF ESPOO12,A  WIEN02,3
SF ESPOO12,B  LEUVEN01,2
SF ESPOO12,CH LAUSANN06,2
SF ESPOO12,CZ PRAHA10,8
SF ESPOO12,D  AACHEN01,4
SF ESPOO12,D  BERLIN02,8
SF ESPOO12,D  DARMSTA01,1
SF ESPOO12,D  KARLSRU01,2
SF ESPOO12,D  MUNCHEN02,5
SF ESPOO12,D  STUTTGA01,2
SF ESPOO12,E  BARCELO03,2
SF ESPOO12,E  MADRID14,1
SF ESPOO12,E  VALENCI02,2
SF ESPOO12,HU BUDAPES02,1
SF ESPOO12,I  MILANO02,1
SF ESPOO12,I  TORINO02,3
SF ESPOO12,IRLDUBLIN01,1
SF ESPOO12,IRLLIMERIC01,1
SF ESPOO12,NL DELFT01,7
SF ESPOO12,NL EINDHOV17,1
SF ESPOO12,PL KRAKOW02,2
SF ESPOO12,TR ANKARA04,1
SF ESPOO12,TR ISTANBU04,1
SF ESPOO12,UK BATH01,2
SF ESPOO12,UK EXETER01,1
SF HELSINK01,D  MUNCHEN02,1
SF OULU01,A  GRAZ02,2
SF OULU01,A  INNSBRU01,1
SF OULU01,A  WIEN02,1
SF OULU01,CZ PRAHA10,2
SF OULU01,D  AACHEN01,1
SF OULU01,D  BERLIN02,1
SF OULU01,D  MUNCHEN02,2
SF OULU01,D  ROSTOCK01,1
SF OULU01,E  MADRID05,1
SF OULU01,E  PAMPLON01,3
SF OULU01,E  VALENCI02,2
SF OULU01,HU BUDAPES02,2
SF OULU01,I  PADOVA01,2
SF OULU01,IRLDUBLIN02,1
SF OULU01,IRLLIMERIC01,1
SF OULU01,P  PORTO02,2
SF OULU01,PL GDANSK02,1
SF OULU01,S  LUND01,2
SF OULU01,S  STOCKHO04,1
SF TAMPERE02,A  GRAZ02,8
SF TAMPERE02,A  WIEN02,6
SF TAMPERE02,CH ZURICH07,1
SF TAMPERE02,CZ PRAHA10,5
SF TAMPERE02,D  AACHEN01,2
SF TAMPERE02,D  BERLIN02,1
SF TAMPERE02,D  DRESDEN02,2
SF TAMPERE02,D  ESSEN04,2
SF TAMPERE02,D  KARLSRU01,3
SF TAMPERE02,D  MUNCHEN02,1
SF TAMPERE02,D  ROSTOCK01,1
SF TAMPERE02,D  STUTTGA01,4
SF TAMPERE02,E  BARCELO02,1
SF TAMPERE02,E  MADRID05,1
SF TAMPERE02,E  MADRID14,1
SF TAMPERE02,E  VALENCI02,2
SF TAMPERE02,F  NANTES01,1
SF TAMPERE02,HU BUDAPES02,5
SF TAMPERE02,I  FIRENZE01,1
SF TAMPERE02,I  MILANO02,1
SF TAMPERE02,I  TORINO02,1
SF TAMPERE02,NL DELFT01,1
SF TAMPERE02,NL ENSCHED01,1
SF TAMPERE02,P  BRAGA01,1
SF TAMPERE02,P  PORTO02,1
SF TAMPERE02,S  GOTEBOR02,3
SF TAMPERE02,S  STOCKHO04,1
SF TAMPERE02,UK GLASGOW01,1
SF TAMPERE02,UK GLASGOW02,1
SF TAMPERE02,UK LOUGHBO01,1
SF TAMPERE02,UK MANCHES01,1
SF TURKU01,E  VALENCI02,2
SI LJUBLJA01,A  GRAZ02,1
SI LJUBLJA01,A  WIEN02,6
SI LJUBLJA01,B  GENT01,1
SI LJUBLJA01,B  LEUVEN01,3
SI LJUBLJA01,CZ PRAHA10,3
SI LJUBLJA01,D  DRESDEN02,1
SI LJUBLJA01,D  ERLANGE01,1
SI LJUBLJA01,D  HANNOVE01,5
SI LJUBLJA01,D  KIEL01,1
SI LJUBLJA01,D  MUNCHEN02,4
SI LJUBLJA01,D  STUTTGA01,2
SI LJUBLJA01,DK LYNGBY01,1
SI LJUBLJA01,E  ALCAL-H01,2
SI LJUBLJA01,E  BARCELO03,6
SI LJUBLJA01,E  BILBAO01,2
SI LJUBLJA01,E  MADRID05,2
SI LJUBLJA01,E  VALENCI02,3
SI LJUBLJA01,I  FIRENZE01,1
SI LJUBLJA01,I  MILANO02,1
SI LJUBLJA01,I  TORINO02,1
SI LJUBLJA01,P  COIMBRA01,1
SI LJUBLJA01,P  PORTO02,1
SI LJUBLJA01,PL KRAKOW02,1
SI LJUBLJA01,S  STOCKHO04,1
SI LJUBLJA01,S  UPPSALA01,2
SI LJUBLJA01,S  UPPSALA02,1
SI LJUBLJA01,UK SOUTHAM01,1
SK BRATISL02,CZ PRAHA07,1
TR ANKARA02,D  ESSEN04,1
TR ANKARA02,E  ALCAL-H01,7
TR ANKARA02,E  CASTELL01,1
TR ANKARA02,E  VALLADO01,2
TR ANKARA02,I  MILANO02,3
TR ANKARA02,P  AVEIRO01,4
TR ANKARA02,PL LODZ02,5
TR ANKARA03,D  AACHEN01,6
TR ANKARA03,D  DRESDEN02,2
TR ANKARA03,D  DUSSELD01,1
TR ANKARA03,D  FREIBUR01,3
TR ANKARA03,D  KAISERS01,2
TR ANKARA03,D  MAINZ01,1
TR ANKARA03,D  MUNSTER01,1
TR ANKARA03,E  BARCELO03,2
TR ANKARA03,E  MALAGA01,3
TR ANKARA03,F  STRASBO48,2
TR ANKARA03,I  NAPOLI01,4
TR ANKARA03,I  PERUGIA01,1
TR ANKARA03,NL GRONING01,2
TR ANKARA04,A  WIEN02,4
TR ANKARA04,B  LEUVEN01,1
TR ANKARA04,CZ PRAHA10,3
TR ANKARA04,D  BERLIN01,1
TR ANKARA04,D  DORTMUN01,2
TR ANKARA04,D  DRESDEN02,1
TR ANKARA04,D  STUTTGA01,2
TR ANKARA04,D  ULM01,2
TR ANKARA04,DK ARHUS01,1
TR ANKARA04,E  MADRID04,3
TR ANKARA04,E  MADRID05,2
TR ANKARA04,I  BOLOGNA01,2
TR ANKARA04,I  L-AQUIL01,1
TR ANKARA04,I  MILANO02,3
TR ANKARA04,I  ROMA02,2
TR ANKARA04,I  ROMA16,1
TR ANKARA04,I  TORINO02,2
TR ANKARA04,IRLDUBLIN02,1
TR ANKARA04,NL DELFT01,4
TR ANKARA04,NL EINDHOV17,2
TR ANKARA04,NL GRONING01,3
TR ANKARA04,NL UTRECHT01,2
TR ANKARA04,NL WAGENIN01,3
TR ANKARA04,PL GDANSK01,1
TR ANKARA04,PL WROCLAW02,1
TR ANKARA04,SF ESPOO12,3
TR ANKARA04,SF TAMPERE02,8
TR ANKARA04,UK LOUGHBO01,2
TR ANKARA04,UK MANCHES01,2
TR ANKARA07,B  GENT01,1
TR ANKARA07,D  ERLANGE01,1
TR ANKARA07,D  MAGDEBU01,1
TR ANKARA07,DK ODENSE01,1
TR ANKARA07,E  CIUDA-R01,1
TR ANKARA07,E  MADRID04,1
TR ANKARA07,I  PERUGIA01,2
TR ANKARA07,NL EINDHOV17,1
TR ANKARA07,NL ENSCHED01,2
TR ANKARA07,NL GRONING01,2
TR ANKARA07,SF TAMPERE02,4
TR ANKARA07,UK BELFAST01,3
TR ERZURUM01,E  CIUDA-R01,2
TR ERZURUM01,HU DEBRECE01,6
TR ERZURUM01,I  L-AQUIL01,4
TR ISTANBU03,D  FRANKFU01,1
TR ISTANBU03,HU DEBRECE01,1
TR ISTANBU03,PL LODZ02,1
TR ISTANBU03,S  UMEA01,1
TR ISTANBU03,SK BRATISL02,1
TR ISTANBU04,A  WIEN02,10
TR ISTANBU04,B  GENT01,4
TR ISTANBU04,B  LEUVEN01,1
TR ISTANBU04,D  AACHEN01,3
TR ISTANBU04,D  BERLIN02,6
TR ISTANBU04,D  BOCHUM01,4
TR ISTANBU04,D  DARMSTA01,2
TR ISTANBU04,D  DRESDEN02,2
TR ISTANBU04,D  HEIDELB01,1
TR ISTANBU04,D  KAISERS01,4
TR ISTANBU04,D  KARLSRU01,1
TR ISTANBU04,D  MUNCHEN01,1
TR ISTANBU04,D  MUNCHEN02,7
TR ISTANBU04,D  STUTTGA01,1
TR ISTANBU04,DK ARHUS01,2
TR ISTANBU04,DK LYNGBY01,3
TR ISTANBU04,E  BARCELO01,1
TR ISTANBU04,E  BARCELO03,3
TR ISTANBU04,E  CIUDA-R01,1
TR ISTANBU04,E  VALENCI02,4
TR ISTANBU04,F  NANTES01,1
TR ISTANBU04,F  PARIS006,1
TR ISTANBU04,F  STRASBO48,2
TR ISTANBU04,HU BUDAPES02,4
TR ISTANBU04,I  FERRARA01,2
TR ISTANBU04,I  MILANO02,2
TR ISTANBU04,I  NAPOLI01,2
TR ISTANBU04,I  ROMA01,2
TR ISTANBU04,I  SASSARI01,2
TR ISTANBU04,I  TORINO02,2
TR ISTANBU04,I  TRENTO01,1
TR ISTANBU04,NL DELFT01,3
TR ISTANBU04,NL EINDHOV17,3
TR ISTANBU04,NL NIJMEGE01,1
TR ISTANBU04,NL WAGENIN01,1
TR ISTANBU04,P  BRAGA01,5
TR ISTANBU04,P  LISBOA02,6
TR ISTANBU04,PL KRAKOW01,1
TR ISTANBU04,PL KRAKOW02,6
TR ISTANBU04,PL TORUN01,2
TR ISTANBU04,S  GOTEBOR02,2
TR ISTANBU04,S  LINKOPI01,2
TR ISTANBU04,S  STOCKHO04,5
TR ISTANBU04,S  UMEA01,5
TR ISTANBU04,SF ESPOO12,1
TR ISTANBU04,SF TAMPERE02,3
TR ISTANBU04,SI LJUBLJA01,3
TR ISTANBU04,UK GLASGOW02,1
TR ISTANBU04,UK NEWCAST01,1
TR ISTANBU04,UK SOUTHAM01,1
TR ISTANBU05,D  AACHEN01,1
TR ISTANBU05,D  BERLIN02,1
TR ISTANBU05,E  BARCELO03,3
TR ISTANBU05,E  MADRID05,2
TR ISTANBU05,E  SANTAND01,3
TR ISTANBU05,E  VALENCI02,3
TR ISTANBU05,HU BUDAPES02,6
TR ISTANBU05,I  BOLOGNA01,2
TR ISTANBU05,I  BRESCIA01,3
TR ISTANBU05,I  PALERMO01,1
TR ISTANBU05,I  ROMA02,2
TR ISTANBU05,I  TORINO02,2
TR ISTANBU05,S  LINKOPI01,1
TR ISTANBU07,A  GRAZ02,1
TR ISTANBU07,A  WIEN02,13
TR ISTANBU07,CZ PRAHA10,4
TR ISTANBU07,D  AACHEN01,2
TR ISTANBU07,D  BERLIN02,4
TR ISTANBU07,D  BOCHUM01,4
TR ISTANBU07,D  DARMSTA01,12
TR ISTANBU07,D  DORTMUN01,2
TR ISTANBU07,D  ERLANGE01,1
TR ISTANBU07,D  ESSEN04,2
TR ISTANBU07,D  KAISERS01,10
TR ISTANBU07,D  KIEL01,1
TR ISTANBU07,D  MAGDEBU01,2
TR ISTANBU07,D  MUNCHEN02,8
TR ISTANBU07,DK ODENSE01,3
TR ISTANBU07,E  BARCELO03,5
TR ISTANBU07,E  GRANADA01,3
TR ISTANBU07,E  LA-CORU01,1
TR ISTANBU07,E  MADRID05,4
TR ISTANBU07,E  OVIEDO01,1
TR ISTANBU07,E  VALENCI02,7
TR ISTANBU07,E  VALLADO01,3
TR ISTANBU07,F  MARSEIL84,2
TR ISTANBU07,HU BUDAPES02,1
TR ISTANBU07,I  BOLOGNA01,4
TR ISTANBU07,I  CATANIA01,1
TR ISTANBU07,I  FIRENZE01,8
TR ISTANBU07,I  GENOVA01,3
TR ISTANBU07,I  L-AQUIL01,5
TR ISTANBU07,I  NAPOLI01,2
TR ISTANBU07,I  NAPOLI09,4
TR ISTANBU07,I  PERUGIA01,6
TR ISTANBU07,I  ROMA01,3
TR ISTANBU07,I  SALERNO01,2
TR ISTANBU07,I  TRIESTE01,6
TR ISTANBU07,NL AMSTERD01,1
TR ISTANBU07,NL DELFT01,1
TR ISTANBU07,NL ENSCHED01,1
TR ISTANBU07,P  BRAGA01,2
TR ISTANBU07,P  COIMBRA01,4
TR ISTANBU07,PL GDANSK02,3
TR ISTANBU07,PL WROCLAW02,5
TR ISTANBU07,S  LINKOPI01,1
TR ISTANBU07,S  LUND01,1
TR ISTANBU07,S  UMEA01,3
TR ISTANBU07,SF ESPOO12,4
TR ISTANBU07,UK LONDON031,2
TR IZMIR01,A  WIEN02,7
TR IZMIR01,D  AACHEN01,3
TR IZMIR01,D  BERLIN02,1
TR IZMIR01,D  BREMEN01,1
TR IZMIR01,D  DRESDEN02,2
TR IZMIR01,D  ERLANGE01,5
TR IZMIR01,D  FREIBUR01,1
TR IZMIR01,D  HANNOVE01,1
TR IZMIR01,D  KONSTAN01,1
TR IZMIR01,D  STUTTGA01,3
TR IZMIR01,E  BARCELO03,1
TR IZMIR01,E  SANTIAG01,3
TR IZMIR01,I  BOLOGNA01,1
TR IZMIR01,I  CHIETI01,3
TR IZMIR01,I  COSENZA01,2
TR IZMIR01,I  MILANO02,2
TR IZMIR01,I  ROMA01,1
TR IZMIR01,PL GDANSK02,3
TR IZMIR02,D  BOCHUM01,1
TR IZMIR02,D  BREMEN01,1
TR IZMIR02,D  DARMSTA01,2
TR IZMIR02,D  DORTMUN01,1
TR IZMIR02,D  GIESSEN01,1
TR IZMIR02,E  MADRID03,2
TR IZMIR02,E  SANTAND01,2
TR IZMIR02,E  TARRAGO01,4
TR IZMIR02,HU SZEGED01,2
TR IZMIR02,I  BOLOGNA01,3
TR IZMIR02,I  FIRENZE01,2
TR IZMIR02,I  NAPOLI01,2
TR IZMIR02,I  ROMA01,1
TR IZMIR02,I  SALERNO01,6
TR IZMIR02,I  SASSARI01,1
TR IZMIR02,I  TORINO02,2
TR IZMIR02,NL WAGENIN01,1
TR IZMIR02,P  PORTO02,4
TR IZMIR02,SF HELSINK01,2
TR IZMIR02,SI LJUBLJA01,3
TR KAYSERI01,D  ROSTOCK01,1
TR KAYSERI01,E  BILBAO01,3
TR KAYSERI01,E  VALENCI02,1
TR KAYSERI01,HU DEBRECE01,19
TR KAYSERI01,P  BRAGA01,3
TR KONYA01,PL LODZ02,1
TR KONYA01,PL WROCLAW02,2
TR TRABZON01,A  WIEN02,1
TR TRABZON01,D  STUTTGA01,2
TR TRABZON01,E  BARCELO03,2
TR TRABZON01,E  OVIEDO01,2
TR TRABZON01,HU BUDAPES02,1
TR TRABZON01,PL LODZ02,5
UK ABERDEE01,D  DRESDEN02,1
UK ABERDEE01,S  GOTEBOR02,4
UK ABERDEE01,S  STOCKHO04,2
UK BATH01,D  AACHEN01,1
UK BATH01,D  MUNCHEN02,6
UK BATH01,E  CASTELL01,1
UK BATH01,E  MADRID05,3
UK BATH01,F  BORDEAU01,1
UK BATH01,NL DELFT01,2
UK BELFAST01,D  MUNCHEN02,1
UK BELFAST01,NL NIJMEGE01,2
UK BELFAST01,S  GOTEBOR02,6
UK BELFAST01,S  STOCKHO01,2
UK BELFAST01,S  STOCKHO04,3
UK BIRMING02,F  NANCY43,1
UK BRISTOL01,A  GRAZ02,2
UK BRISTOL01,D  ERLANGE01,1
UK BRISTOL01,E  SEVILLA01,1
UK BRISTOL01,E  VALENCI02,1
UK BRISTOL01,S  GOTEBOR02,2
UK BRISTOL01,S  STOCKHO04,3
UK CANTERB01,I  ROMA02,2
UK CARDIFF01,B  LEUVEN01,2
UK CARDIFF01,D  MUNCHEN02,1
UK CARDIFF01,D  STUTTGA01,1
UK CARDIFF01,E  MADRID05,1
UK COVENTR01,A  GRAZ02,1
UK COVENTR01,S  GOTEBOR02,1
UK DUNDEE01,D  HANNOVE01,3
UK DURHAM01,D  BERLIN02,1
UK EDINBUR01,IRLDUBLIN02,1
UK EDINBUR01,S  LUND01,1
UK EDINBUR02,CH LAUSANN06,2
UK EXETER01,E  SANTAND01,1
UK EXETER01,I  CATANIA01,1
UK EXETER01,I  MODENA01,1
UK EXETER01,NL EINDHOV17,1
UK EXETER01,S  LUND01,1
UK GLASGOW01,CZ PRAHA10,1
UK GLASGOW01,E  BARCELO03,1
UK GLASGOW01,E  PAMPLON01,1
UK GLASGOW01,NL DELFT01,3
UK GLASGOW01,S  LUND01,1
UK GLASGOW02,A  GRAZ02,3
UK GLASGOW02,CZ PRAHA10,21
UK GLASGOW02,D  ERLANGE01,2
UK GLASGOW02,D  MUNCHEN02,4
UK GLASGOW02,DK LYNGBY01,9
UK GLASGOW02,E  BARCELO03,4
UK GLASGOW02,E  GIRONA02,1
UK GLASGOW02,E  OVIEDO01,4
UK GLASGOW02,E  SEVILLA01,3
UK GLASGOW02,E  VALENCI02,11
UK GLASGOW02,I  ROMA16,2
UK GLASGOW02,I  TORINO02,2
UK GLASGOW02,S  GOTEBOR02,4
UK GUILDFO01,I  PADOVA01,1
UK LEEDS01,E  SANTAND01,1
UK LEEDS01,S  STOCKHO04,1
UK LIVERPO01,A  GRAZ02,1
UK LONDON015,CH ZURICH07,5
UK LONDON015,D  AACHEN01,4
UK LONDON015,E  MADRID05,1
UK LONDON015,NL DELFT01,3
UK LONDON015,P  PORTO02,1
UK LONDON029,CH ZURICH07,2
UK LONDON029,D  MUNCHEN02,3
UK LONDON029,E  GRANADA01,1
UK LONDON031,D  AACHEN01,1
UK LOUGHBO01,D  AACHEN01,1
UK LOUGHBO01,E  BARCELO03,2
UK LOUGHBO01,E  OVIEDO01,1
UK LOUGHBO01,E  VALENCI01,2
UK LOUGHBO01,E  ZARAGOZ01,2
UK LOUGHBO01,S  GOTEBOR02,2
UK MANCHES01,E  OVIEDO01,1
UK MANCHES01,F  NANCY43,1
UK NEWCAST01,D  MUNCHEN02,1
UK NEWCAST01,S  GOTEBOR02,2
UK NOTTING01,NL DELFT01,2
UK SHEFFIE01,D  DRESDEN02,4
UK SHEFFIE01,DK ALBORG01,2
UK SHEFFIE01,E  BARCELO03,4
UK SHEFFIE01,E  GRANADA01,1
UK SHEFFIE01,E  MADRID04,1
UK SHEFFIE01,E  PAMPLON01,1
UK SHEFFIE01,I  TRENTO01,2
UK SOUTHAM01,D  STUTTGA01,1
UK SOUTHAM01,S  LINKOPI01,1
UK SWANSEA01,E  BARCELO03,1
UK SWANSEA01,E  SEVILLA01,1